ds,y
6/1/2020 0:00,1.1
6/1/2020 1:00,1.09
6/1/2020 2:00,1.08
6/1/2020 3:00,1.08
6/1/2020 4:00,1.07
6/1/2020 5:00,1.06
6/1/2020 6:00,1.05
6/1/2020 7:00,1.05
6/1/2020 8:00,1.04
6/1/2020 9:00,1.02
6/1/2020 10:00,1.01
6/1/2020 11:00,1
6/1/2020 12:00,0.99
6/1/2020 13:00,0.97
6/1/2020 14:00,0.95
6/1/2020 15:00,0.93
6/1/2020 16:00,0.92
6/1/2020 17:00,0.92
6/1/2020 18:00,0.9
6/1/2020 19:00,0.92
6/1/2020 20:00,0.92
6/1/2020 21:00,0.92
6/1/2020 22:00,0.92
6/1/2020 23:00,0.92
6/2/2020 0:00,0.92
6/2/2020 1:00,0.92
6/2/2020 2:00,0.92
6/2/2020 3:00,0.92
6/2/2020 4:00,0.92
6/2/2020 5:00,0.92
6/2/2020 6:00,0.92
6/2/2020 7:00,0.86
6/2/2020 8:00,0.86
6/2/2020 9:00,0.87
6/2/2020 10:00,0.87
6/2/2020 11:00,0.87
6/2/2020 12:00,0.86
6/2/2020 13:00,0.86
6/2/2020 14:00,0.84
6/2/2020 15:00,0.84
6/2/2020 16:00,0.8
6/2/2020 17:00,0.78
6/2/2020 18:00,0.77
6/2/2020 19:00,0.77
6/2/2020 20:00,0.77
6/2/2020 21:00,0.77
6/2/2020 22:00,0.77
6/2/2020 23:00,0.77
6/3/2020 0:00,0.77
6/3/2020 1:00,0.77
6/3/2020 2:00,0.77
6/3/2020 3:00,0.77
6/3/2020 4:00,0.77
6/3/2020 5:00,0.77
6/3/2020 6:00,0.77
6/3/2020 7:00,0.77
6/3/2020 8:00,0.74
6/3/2020 9:00,0.75
6/3/2020 10:00,0.76
6/3/2020 11:00,0.75
6/3/2020 12:00,0.73
6/3/2020 13:00,0.73
6/3/2020 14:00,0.73
6/3/2020 15:00,0.69
6/3/2020 16:00,0.68
6/3/2020 17:00,0.66
6/3/2020 18:00,0.64
6/3/2020 19:00,0.68
6/3/2020 20:00,0.7
6/3/2020 21:00,0.71
6/3/2020 22:00,0.71
6/3/2020 23:00,0.7
6/4/2020 0:00,0.68
6/4/2020 1:00,0.66
6/4/2020 2:00,0.65
6/4/2020 3:00,0.65
6/4/2020 4:00,0.64
6/4/2020 5:00,0.64
6/4/2020 6:00,0.64
6/4/2020 7:00,0.65
6/4/2020 8:00,0.66
6/4/2020 9:00,0.65
6/4/2020 10:00,0.64
6/4/2020 11:00,0.63
6/4/2020 12:00,0.63
6/4/2020 13:00,0.63
6/4/2020 14:00,0.64
6/4/2020 15:00,0.64
6/4/2020 16:00,0.62
6/4/2020 17:00,0.61
6/4/2020 18:00,0.61
6/4/2020 19:00,0.63
6/4/2020 20:00,0.65
6/4/2020 21:00,0.65
6/4/2020 22:00,0.64
6/4/2020 23:00,0.62
6/5/2020 0:00,0.61
6/5/2020 1:00,0.59
6/5/2020 2:00,0.57
6/5/2020 3:00,0.57
6/5/2020 4:00,0.57
6/5/2020 5:00,0.57
6/5/2020 6:00,0.56
6/5/2020 7:00,0.58
6/5/2020 8:00,0.59
6/5/2020 9:00,0.59
6/5/2020 10:00,0.57
6/5/2020 11:00,0.56
6/5/2020 12:00,0.56
6/5/2020 13:00,0.56
6/5/2020 14:00,0.56
6/5/2020 15:00,0.56
6/5/2020 16:00,0.56
6/5/2020 17:00,0.56
6/5/2020 18:00,0.55
6/5/2020 19:00,0.56
6/5/2020 20:00,0.58
6/5/2020 21:00,0.58
6/5/2020 22:00,0.57
6/5/2020 23:00,0.55
6/6/2020 0:00,0.53
6/6/2020 1:00,0.51
6/6/2020 2:00,0.5
6/6/2020 3:00,0.49
6/6/2020 4:00,0.48
6/6/2020 5:00,0.48
6/6/2020 6:00,0.47
6/6/2020 7:00,0.48
6/6/2020 8:00,0.52
6/6/2020 9:00,0.55
6/6/2020 10:00,0.66
6/6/2020 11:00,0.72
6/6/2020 12:00,0.76
6/6/2020 13:00,0.79
6/6/2020 14:00,0.81
6/6/2020 15:00,0.84
6/6/2020 16:00,0.87
6/6/2020 17:00,0.9
6/6/2020 18:00,0.95
6/6/2020 19:00,1.01
6/6/2020 20:00,1.04
6/6/2020 21:00,1.08
6/6/2020 22:00,1.1
6/6/2020 23:00,1.09
6/7/2020 0:00,1.06
6/7/2020 1:00,1.02
6/7/2020 2:00,1.01
6/7/2020 3:00,1.02
6/7/2020 4:00,1.02
6/7/2020 5:00,1.02
6/7/2020 6:00,1.02
6/7/2020 7:00,1.03
6/7/2020 8:00,1.05
6/7/2020 9:00,1.08
6/7/2020 10:00,1.09
6/7/2020 11:00,1.1
6/7/2020 12:00,1.1
6/7/2020 13:00,1.08
6/7/2020 14:00,1.07
6/7/2020 15:00,1.06
6/7/2020 16:00,1.03
6/7/2020 17:00,1
6/7/2020 18:00,1.03
6/7/2020 19:00,1.07
6/7/2020 20:00,1.17
6/7/2020 21:00,1.51
6/7/2020 22:00,2.06
6/7/2020 23:00,2.46
6/8/2020 0:00,2.69
6/8/2020 1:00,2.8
6/8/2020 2:00,2.78
6/8/2020 3:00,2.73
6/8/2020 4:00,2.66
6/8/2020 5:00,2.61
6/8/2020 6:00,2.58
6/8/2020 7:00,2.55
6/8/2020 8:00,2.5
6/8/2020 9:00,2.43
6/8/2020 10:00,2.35
6/8/2020 11:00,2.35
6/8/2020 12:00,2.17
6/8/2020 13:00,2.08
6/8/2020 14:00,1.99
6/8/2020 15:00,1.9
6/8/2020 16:00,1.81
6/8/2020 17:00,1.73
6/8/2020 18:00,1.66
6/8/2020 19:00,1.58
6/8/2020 20:00,1.52
6/8/2020 21:00,1.46
6/8/2020 22:00,1.4
6/8/2020 23:00,1.36
6/9/2020 0:00,1.31
6/9/2020 1:00,1.27
6/9/2020 2:00,1.24
6/9/2020 3:00,1.2
6/9/2020 4:00,1.17
6/9/2020 5:00,1.14
6/9/2020 6:00,1.12
6/9/2020 7:00,1.1
6/9/2020 8:00,1.08
6/9/2020 9:00,1.06
6/9/2020 10:00,1.03
6/9/2020 11:00,1.02
6/9/2020 12:00,1
6/9/2020 13:00,0.99
6/9/2020 14:00,0.99
6/9/2020 15:00,0.99
6/9/2020 16:00,0.99
6/9/2020 17:00,0.98
6/9/2020 18:00,0.98
6/9/2020 19:00,0.99
6/9/2020 20:00,0.99
6/9/2020 21:00,0.99
6/9/2020 22:00,0.99
6/9/2020 23:00,0.99
6/10/2020 0:00,0.99
6/10/2020 1:00,0.98
6/10/2020 2:00,0.98
6/10/2020 3:00,0.98
6/10/2020 4:00,0.98
6/10/2020 5:00,0.93
6/10/2020 6:00,0.93
6/10/2020 7:00,0.91
6/10/2020 8:00,0.91
6/10/2020 9:00,0.91
6/10/2020 10:00,0.9
6/10/2020 11:00,0.9
6/10/2020 12:00,0.9
6/10/2020 13:00,0.9
6/10/2020 14:00,0.9
6/10/2020 15:00,1.12
6/10/2020 16:00,1.12
6/10/2020 17:00,1.19
6/10/2020 18:00,1.19
6/10/2020 19:00,1.19
6/10/2020 20:00,1.28
6/10/2020 21:00,1.34
6/10/2020 22:00,1.34
6/10/2020 23:00,1.5
6/11/2020 0:00,1.55
6/11/2020 1:00,1.57
6/11/2020 2:00,1.57
6/11/2020 3:00,1.57
6/11/2020 4:00,1.57
6/11/2020 5:00,1.6
6/11/2020 6:00,1.6
6/11/2020 7:00,1.59
6/11/2020 8:00,1.6
6/11/2020 9:00,1.76
6/11/2020 10:00,2.03
6/11/2020 11:00,2.19
6/11/2020 12:00,2.25
6/11/2020 13:00,2.25
6/11/2020 14:00,2.2
6/11/2020 15:00,2.13
6/11/2020 16:00,2.04
6/11/2020 17:00,1.97
6/11/2020 18:00,1.89
6/11/2020 19:00,1.82
6/11/2020 20:00,1.79
6/11/2020 21:00,1.77
6/11/2020 22:00,1.76
6/11/2020 23:00,1.75
6/12/2020 0:00,1.73
6/12/2020 1:00,1.71
6/12/2020 2:00,1.68
6/12/2020 3:00,1.64
6/12/2020 4:00,1.6
6/12/2020 5:00,1.55
6/12/2020 6:00,1.51
6/12/2020 7:00,1.47
6/12/2020 8:00,1.44
6/12/2020 9:00,1.48
6/12/2020 10:00,1.61
6/12/2020 11:00,1.7
6/12/2020 12:00,1.74
6/12/2020 13:00,1.74
6/12/2020 14:00,1.74
6/12/2020 15:00,1.74
6/12/2020 16:00,1.73
6/12/2020 17:00,1.73
6/12/2020 18:00,1.73
6/12/2020 19:00,1.73
6/12/2020 20:00,1.72
6/12/2020 21:00,1.7
6/12/2020 22:00,1.69
6/12/2020 23:00,1.68
6/13/2020 0:00,1.68
6/13/2020 1:00,1.66
6/13/2020 2:00,1.65
6/13/2020 3:00,1.64
6/13/2020 4:00,1.63
6/13/2020 5:00,1.61
6/13/2020 6:00,1.59
6/13/2020 7:00,1.57
6/13/2020 8:00,1.55
6/13/2020 9:00,1.52
6/13/2020 10:00,1.49
6/13/2020 11:00,1.46
6/13/2020 12:00,1.43
6/13/2020 13:00,1.4
6/13/2020 14:00,1.37
6/13/2020 15:00,1.34
6/13/2020 16:00,1.3
6/13/2020 17:00,1.29
6/13/2020 18:00,1.26
6/13/2020 19:00,1.26
6/13/2020 20:00,1.21
6/13/2020 21:00,1.2
6/13/2020 22:00,1.2
6/13/2020 23:00,1.16
6/14/2020 0:00,1.16
6/14/2020 1:00,1.12
6/14/2020 2:00,1.12
6/14/2020 3:00,1.12
6/14/2020 4:00,1.09
6/14/2020 5:00,1.09
6/14/2020 6:00,1.08
6/14/2020 7:00,1.08
6/14/2020 8:00,1.07
6/14/2020 9:00,1.07
6/14/2020 10:00,1.05
6/14/2020 11:00,1.04
6/14/2020 12:00,1.04
6/14/2020 13:00,1.02
6/14/2020 14:00,1.02
6/14/2020 15:00,1.02
6/14/2020 16:00,1.04
6/14/2020 17:00,1
6/14/2020 18:00,1.05
6/14/2020 19:00,1.05
6/14/2020 20:00,1.05
6/14/2020 21:00,1.05
6/14/2020 22:00,1.05
6/14/2020 23:00,1.05
6/15/2020 0:00,0.99
6/15/2020 1:00,0.97
6/15/2020 2:00,0.95
6/15/2020 3:00,0.94
6/15/2020 4:00,0.92
6/15/2020 5:00,0.9
6/15/2020 6:00,0.88
6/15/2020 7:00,0.87
6/15/2020 8:00,0.88
6/15/2020 9:00,0.89
6/15/2020 10:00,0.9
6/15/2020 11:00,0.89
6/15/2020 12:00,0.89
6/15/2020 13:00,0.87
6/15/2020 14:00,0.87
6/15/2020 15:00,0.83
6/15/2020 16:00,0.83
6/15/2020 17:00,0.79
6/15/2020 18:00,0.8
6/15/2020 19:00,0.81
6/15/2020 20:00,0.82
6/15/2020 21:00,0.81
6/15/2020 22:00,0.8
6/15/2020 23:00,0.79
6/16/2020 0:00,0.78
6/16/2020 1:00,0.78
6/16/2020 2:00,0.77
6/16/2020 3:00,0.77
6/16/2020 4:00,0.75
6/16/2020 5:00,0.74
6/16/2020 6:00,0.73
6/16/2020 7:00,0.74
6/16/2020 8:00,0.74
6/16/2020 9:00,0.74
6/16/2020 10:00,0.76
6/16/2020 11:00,0.75
6/16/2020 12:00,0.75
6/16/2020 13:00,0.72
6/16/2020 14:00,0.72
6/16/2020 15:00,0.72
6/16/2020 16:00,0.83
6/16/2020 17:00,0.83
6/16/2020 18:00,0.87
6/16/2020 19:00,0.88
6/16/2020 20:00,0.89
6/16/2020 21:00,0.88
6/16/2020 22:00,0.87
6/16/2020 23:00,0.86
6/17/2020 0:00,0.86
6/17/2020 1:00,0.85
6/17/2020 2:00,0.85
6/17/2020 3:00,0.83
6/17/2020 4:00,0.83
6/17/2020 5:00,0.8
6/17/2020 6:00,0.79
6/17/2020 7:00,0.79
6/17/2020 8:00,0.79
6/17/2020 9:00,0.76
6/17/2020 10:00,0.77
6/17/2020 11:00,0.76
6/17/2020 12:00,0.78
6/17/2020 13:00,0.78
6/17/2020 14:00,0.78
6/17/2020 15:00,0.78
6/17/2020 16:00,0.77
6/17/2020 17:00,0.77
6/17/2020 18:00,0.77
6/17/2020 19:00,0.81
6/17/2020 20:00,0.82
6/17/2020 21:00,0.82
6/17/2020 22:00,0.81
6/17/2020 23:00,0.81
6/18/2020 0:00,0.79
6/18/2020 1:00,0.77
6/18/2020 2:00,0.77
6/18/2020 3:00,0.74
6/18/2020 4:00,0.73
6/18/2020 5:00,0.74
6/18/2020 6:00,0.75
6/18/2020 7:00,0.76
6/18/2020 8:00,0.76
6/18/2020 9:00,0.75
6/18/2020 10:00,0.75
6/18/2020 11:00,0.71
6/18/2020 12:00,0.64
6/18/2020 13:00,0.56
6/18/2020 14:00,0.52
6/18/2020 15:00,0.54
6/18/2020 16:00,0.58
6/18/2020 17:00,0.63
6/18/2020 18:00,0.69
6/18/2020 19:00,0.73
6/18/2020 20:00,0.77
6/18/2020 21:00,0.81
6/18/2020 22:00,0.85
6/18/2020 23:00,0.85
6/19/2020 0:00,0.82
6/19/2020 1:00,0.77
6/19/2020 2:00,0.73
6/19/2020 3:00,0.69
6/19/2020 4:00,0.66
6/19/2020 5:00,0.64
6/19/2020 6:00,0.63
6/19/2020 7:00,0.63
6/19/2020 8:00,0.65
6/19/2020 9:00,0.66
6/19/2020 10:00,0.66
6/19/2020 11:00,0.67
6/19/2020 12:00,0.67
6/19/2020 13:00,0.65
6/19/2020 14:00,0.64
6/19/2020 15:00,0.62
6/19/2020 16:00,0.61
6/19/2020 17:00,0.61
6/19/2020 18:00,0.61
6/19/2020 19:00,0.64
6/19/2020 20:00,0.66
6/19/2020 21:00,0.67
6/19/2020 22:00,0.67
6/19/2020 23:00,0.66
6/20/2020 0:00,0.65
6/20/2020 1:00,0.65
6/20/2020 2:00,0.64
6/20/2020 3:00,0.66
6/20/2020 4:00,0.69
6/20/2020 5:00,0.72
6/20/2020 6:00,0.74
6/20/2020 7:00,0.75
6/20/2020 8:00,0.76
6/20/2020 9:00,0.76
6/20/2020 10:00,0.74
6/20/2020 11:00,0.72
6/20/2020 12:00,0.71
6/20/2020 13:00,0.67
6/20/2020 14:00,0.65
6/20/2020 15:00,0.6
6/20/2020 16:00,0.61
6/20/2020 17:00,0.61
6/20/2020 18:00,0.59
6/20/2020 19:00,0.59
6/20/2020 20:00,0.6
6/20/2020 21:00,0.61
6/20/2020 22:00,0.62
6/20/2020 23:00,0.62
6/21/2020 0:00,0.62
6/21/2020 1:00,0.61
6/21/2020 2:00,0.6
6/21/2020 3:00,0.59
6/21/2020 4:00,0.58
6/21/2020 5:00,0.58
6/21/2020 6:00,0.55
6/21/2020 7:00,0.61
6/21/2020 8:00,0.67
6/21/2020 9:00,0.67
6/21/2020 10:00,0.76
6/21/2020 11:00,0.76
6/21/2020 12:00,0.8
6/21/2020 13:00,0.8
6/21/2020 14:00,0.8
6/21/2020 15:00,0.8
6/21/2020 16:00,0.8
6/21/2020 17:00,0.78
6/21/2020 18:00,0.78
6/21/2020 19:00,0.8
6/21/2020 20:00,0.8
6/21/2020 21:00,0.8
6/21/2020 22:00,0.8
6/21/2020 23:00,0.8
6/22/2020 0:00,0.8
6/22/2020 1:00,0.8
6/22/2020 2:00,0.8
6/22/2020 3:00,0.76
6/22/2020 4:00,0.76
6/22/2020 5:00,0.75
6/22/2020 6:00,0.75
6/22/2020 7:00,0.76
6/22/2020 8:00,0.78
6/22/2020 9:00,0.78
6/22/2020 10:00,0.79
6/22/2020 11:00,0.79
6/22/2020 12:00,0.74
6/22/2020 13:00,0.72
6/22/2020 14:00,0.74
6/22/2020 15:00,0.74
6/22/2020 16:00,0.77
6/22/2020 17:00,0.76
6/22/2020 18:00,0.79
6/22/2020 19:00,0.79
6/22/2020 20:00,0.79
6/22/2020 21:00,0.79
6/22/2020 22:00,0.79
6/22/2020 23:00,0.77
6/23/2020 0:00,0.75
6/23/2020 1:00,0.73
6/23/2020 2:00,0.71
6/23/2020 3:00,0.68
6/23/2020 4:00,0.67
6/23/2020 5:00,0.65
6/23/2020 6:00,0.64
6/23/2020 7:00,0.63
6/23/2020 8:00,0.61
6/23/2020 9:00,0.62
6/23/2020 10:00,0.63
6/23/2020 11:00,0.64
6/23/2020 12:00,0.64
6/23/2020 13:00,0.63
6/23/2020 14:00,0.61
6/23/2020 15:00,0.6
6/23/2020 16:00,0.58
6/23/2020 17:00,0.57
6/23/2020 18:00,0.57
6/23/2020 19:00,0.56
6/23/2020 20:00,0.56
6/23/2020 21:00,0.57
6/23/2020 22:00,0.58
6/23/2020 23:00,0.59
6/24/2020 0:00,0.59
6/24/2020 1:00,0.58
6/24/2020 2:00,0.56
6/24/2020 3:00,0.55
6/24/2020 4:00,0.54
6/24/2020 5:00,0.53
6/24/2020 6:00,0.52
6/24/2020 7:00,0.51
6/24/2020 8:00,0.5
6/24/2020 9:00,0.5
6/24/2020 10:00,0.51
6/24/2020 11:00,0.5
6/24/2020 12:00,0.5
6/24/2020 13:00,0.5
6/24/2020 14:00,0.53
6/24/2020 15:00,0.53
6/24/2020 16:00,0.53
6/24/2020 17:00,0.51
6/24/2020 18:00,0.5
6/24/2020 19:00,0.5
6/24/2020 20:00,0.49
6/24/2020 21:00,0.49
6/24/2020 22:00,0.49
6/24/2020 23:00,0.51
6/25/2020 0:00,0.5
6/25/2020 1:00,0.52
6/25/2020 2:00,0.7
6/25/2020 3:00,1.04
6/25/2020 4:00,1.48
6/25/2020 5:00,1.78
6/25/2020 6:00,1.91
6/25/2020 7:00,1.94
6/25/2020 8:00,1.93
6/25/2020 9:00,1.93
6/25/2020 10:00,1.93
6/25/2020 11:00,1.93
6/25/2020 12:00,1.63
6/25/2020 13:00,1.52
6/25/2020 14:00,1.42
6/25/2020 15:00,1.42
6/25/2020 16:00,1.42
6/25/2020 17:00,1.42
6/25/2020 18:00,1.28
6/25/2020 19:00,1.28
6/25/2020 20:00,1.29
6/25/2020 21:00,1.29
6/25/2020 22:00,1.28
6/25/2020 23:00,1.25
6/26/2020 0:00,1.21
6/26/2020 1:00,1.16
6/26/2020 2:00,1.12
6/26/2020 3:00,1.09
6/26/2020 4:00,1.05
6/26/2020 5:00,1.05
6/26/2020 6:00,1.12
6/26/2020 7:00,1.19
6/26/2020 8:00,1.36
6/26/2020 9:00,1.7
6/26/2020 10:00,1.7
6/26/2020 11:00,1.7
6/26/2020 12:00,1.7
6/26/2020 13:00,1.7
6/26/2020 14:00,4.43
6/26/2020 15:00,4.43
6/26/2020 16:00,4.43
6/26/2020 17:00,4.43
6/26/2020 18:00,4.43
6/26/2020 19:00,4.1
6/26/2020 20:00,3.97
6/26/2020 21:00,3.84
6/26/2020 22:00,3.71
6/26/2020 23:00,3.58
6/27/2020 0:00,3.46
6/27/2020 1:00,3.33
6/27/2020 2:00,3.21
6/27/2020 3:00,3.09
6/27/2020 4:00,2.97
6/27/2020 5:00,2.86
6/27/2020 6:00,2.75
6/27/2020 7:00,2.69
6/27/2020 8:00,2.65
6/27/2020 9:00,2.59
6/27/2020 10:00,2.56
6/27/2020 11:00,2.5
6/27/2020 12:00,2.46
6/27/2020 13:00,2.42
6/27/2020 14:00,2.39
6/27/2020 15:00,2.37
6/27/2020 16:00,2.34
6/27/2020 17:00,2.34
6/27/2020 18:00,2.34
6/27/2020 19:00,2.13
6/27/2020 20:00,2.04
6/27/2020 21:00,1.96
6/27/2020 22:00,1.89
6/27/2020 23:00,1.82
6/28/2020 0:00,1.75
6/28/2020 1:00,1.69
6/28/2020 2:00,1.69
6/28/2020 3:00,1.59
6/28/2020 4:00,1.54
6/28/2020 5:00,1.5
6/28/2020 6:00,1.47
6/28/2020 7:00,1.42
6/28/2020 8:00,1.39
6/28/2020 9:00,1.37
6/28/2020 10:00,1.37
6/28/2020 11:00,1.32
6/28/2020 12:00,1.3
6/28/2020 13:00,1.28
6/28/2020 14:00,1.25
6/28/2020 15:00,1.22
6/28/2020 16:00,1.22
6/28/2020 17:00,1.19
6/28/2020 18:00,1.2
6/28/2020 19:00,1.19
6/28/2020 20:00,1.18
6/28/2020 21:00,1.17
6/28/2020 22:00,1.15
6/28/2020 23:00,1.14
6/29/2020 0:00,1.13
6/29/2020 1:00,1.12
6/29/2020 2:00,1.11
6/29/2020 3:00,1.09
6/29/2020 4:00,1.07
6/29/2020 5:00,1.05
6/29/2020 6:00,1.03
6/29/2020 7:00,1.02
6/29/2020 8:00,1.03
6/29/2020 9:00,1.03
6/29/2020 10:00,1.03
6/29/2020 11:00,1.04
6/29/2020 12:00,1.02
6/29/2020 13:00,1.01
6/29/2020 14:00,1
6/29/2020 15:00,0.98
6/29/2020 16:00,0.97
6/29/2020 17:00,0.97
6/29/2020 18:00,0.97
6/29/2020 19:00,1.12
6/29/2020 20:00,1.29
6/29/2020 21:00,1.62
6/29/2020 22:00,1.93
6/29/2020 23:00,2.19
6/30/2020 0:00,2.34
6/30/2020 1:00,2.38
6/30/2020 2:00,2.33
6/30/2020 3:00,2.25
6/30/2020 4:00,2.14
6/30/2020 5:00,2.04
6/30/2020 6:00,1.94
6/30/2020 7:00,1.85
6/30/2020 8:00,1.77
6/30/2020 9:00,1.7
6/30/2020 10:00,1.65
6/30/2020 11:00,1.59
6/30/2020 12:00,1.55
6/30/2020 13:00,1.52
6/30/2020 14:00,1.5
6/30/2020 15:00,1.48
6/30/2020 16:00,1.47
6/30/2020 17:00,1.45
6/30/2020 18:00,1.42
6/30/2020 19:00,1.4
6/30/2020 20:00,1.4
6/30/2020 21:00,1.4
6/30/2020 22:00,1.35
6/30/2020 23:00,1.33
7/1/2020 0:00,1.32
7/1/2020 1:00,1.31
7/1/2020 2:00,1.3
7/1/2020 3:00,1.31
7/1/2020 4:00,1.36
7/1/2020 5:00,1.41
7/1/2020 6:00,1.43
7/1/2020 7:00,1.45
7/1/2020 8:00,1.47
7/1/2020 9:00,1.51
7/1/2020 10:00,1.56
7/1/2020 11:00,1.57
7/1/2020 12:00,1.57
7/1/2020 13:00,1.61
7/1/2020 14:00,1.61
7/1/2020 15:00,1.61
7/1/2020 16:00,1.59
7/1/2020 17:00,1.55
7/1/2020 18:00,1.54
7/1/2020 19:00,1.55
7/1/2020 20:00,1.54
7/1/2020 21:00,1.5
7/1/2020 22:00,1.47
7/1/2020 23:00,1.47
7/2/2020 0:00,1.4
7/2/2020 1:00,1.38
7/2/2020 2:00,1.35
7/2/2020 3:00,1.32
7/2/2020 4:00,1.3
7/2/2020 5:00,1.27
7/2/2020 6:00,1.25
7/2/2020 7:00,1.23
7/2/2020 8:00,1.22
7/2/2020 9:00,1.22
7/2/2020 10:00,1.19
7/2/2020 11:00,1.17
7/2/2020 12:00,1.17
7/2/2020 13:00,1.14
7/2/2020 14:00,1.13
7/2/2020 15:00,1.12
7/2/2020 16:00,1.1
7/2/2020 17:00,1.1
7/2/2020 18:00,1.09
7/2/2020 19:00,1.08
7/2/2020 20:00,1.07
7/2/2020 21:00,1.05
7/2/2020 22:00,1.05
7/2/2020 23:00,1.04
7/3/2020 0:00,1.04
7/3/2020 1:00,1.04
7/3/2020 2:00,1.06
7/3/2020 3:00,1.12
7/3/2020 4:00,1.18
7/3/2020 5:00,1.28
7/3/2020 6:00,1.45
7/3/2020 7:00,1.77
7/3/2020 8:00,2
7/3/2020 9:00,2
7/3/2020 10:00,2.13
7/3/2020 11:00,2.13
7/3/2020 12:00,2.21
7/3/2020 13:00,2.23
7/3/2020 14:00,2.22
7/3/2020 15:00,2.22
7/3/2020 16:00,2.17
7/3/2020 17:00,1.95
7/3/2020 18:00,1.9
7/3/2020 19:00,1.84
7/3/2020 20:00,1.77
7/3/2020 21:00,1.73
7/3/2020 22:00,1.69
7/3/2020 23:00,1.65
7/4/2020 0:00,1.61
7/4/2020 1:00,1.59
7/4/2020 2:00,1.57
7/4/2020 3:00,1.54
7/4/2020 4:00,1.5
7/4/2020 5:00,1.45
7/4/2020 6:00,1.41
7/4/2020 7:00,1.41
7/4/2020 8:00,1.34
7/4/2020 9:00,1.3
7/4/2020 10:00,1.3
7/4/2020 11:00,1.25
7/4/2020 12:00,1.24
7/4/2020 13:00,1.23
7/4/2020 14:00,1.21
7/4/2020 15:00,1.2
7/4/2020 16:00,1.18
7/4/2020 17:00,1.19
7/4/2020 18:00,1.18
7/4/2020 19:00,1.17
7/4/2020 20:00,1.16
7/4/2020 21:00,1.15
7/4/2020 22:00,1.15
7/4/2020 23:00,1.15
7/5/2020 0:00,1.11
7/5/2020 1:00,1.1
7/5/2020 2:00,1.09
7/5/2020 3:00,1.08
7/5/2020 4:00,1.07
7/5/2020 5:00,1.07
7/5/2020 6:00,1.05
7/5/2020 7:00,1.05
7/5/2020 8:00,1.04
7/5/2020 9:00,1.03
7/5/2020 10:00,1.01
7/5/2020 11:00,1.01
7/5/2020 12:00,0.99
7/5/2020 13:00,0.99
7/5/2020 14:00,0.99
7/5/2020 15:00,0.97
7/5/2020 16:00,0.95
7/5/2020 17:00,0.95
7/5/2020 18:00,0.92
7/5/2020 19:00,0.92
7/5/2020 20:00,0.92
7/5/2020 21:00,0.9
7/5/2020 22:00,0.89
7/5/2020 23:00,0.88
7/6/2020 0:00,0.87
7/6/2020 1:00,0.86
7/6/2020 2:00,0.84
7/6/2020 3:00,0.83
7/6/2020 4:00,0.82
7/6/2020 5:00,0.81
7/6/2020 6:00,0.81
7/6/2020 7:00,0.83
7/6/2020 8:00,0.84
7/6/2020 9:00,0.84
7/6/2020 10:00,0.84
7/6/2020 11:00,0.84
7/6/2020 12:00,0.83
7/6/2020 13:00,0.81
7/6/2020 14:00,0.8
7/6/2020 15:00,0.79
7/6/2020 16:00,0.77
7/6/2020 17:00,0.74
7/6/2020 18:00,0.76
7/6/2020 19:00,0.79
7/6/2020 20:00,0.8
7/6/2020 21:00,0.81
7/6/2020 22:00,0.81
7/6/2020 23:00,0.81
7/7/2020 0:00,0.8
7/7/2020 1:00,0.79
7/7/2020 2:00,0.79
7/7/2020 3:00,0.78
7/7/2020 4:00,0.79
7/7/2020 5:00,0.79
7/7/2020 6:00,0.8
7/7/2020 7:00,0.83
7/7/2020 8:00,0.86
7/7/2020 9:00,0.87
7/7/2020 10:00,0.88
7/7/2020 11:00,0.89
7/7/2020 12:00,0.9
7/7/2020 13:00,0.89
7/7/2020 14:00,0.88
7/7/2020 15:00,0.88
7/7/2020 16:00,0.88
7/7/2020 17:00,0.88
7/7/2020 18:00,0.86
7/7/2020 19:00,0.86
7/7/2020 20:00,0.86
7/7/2020 21:00,0.86
7/7/2020 22:00,0.83
7/7/2020 23:00,0.81
7/8/2020 0:00,0.81
7/8/2020 1:00,0.81
7/8/2020 2:00,0.74
7/8/2020 3:00,0.73
7/8/2020 4:00,0.71
7/8/2020 5:00,0.7
7/8/2020 6:00,0.69
7/8/2020 7:00,0.7
7/8/2020 8:00,0.73
7/8/2020 9:00,0.73
7/8/2020 10:00,0.74
7/8/2020 11:00,0.72
7/8/2020 12:00,0.71
7/8/2020 13:00,0.7
7/8/2020 14:00,0.69
7/8/2020 15:00,0.68
7/8/2020 16:00,0.67
7/8/2020 17:00,0.66
7/8/2020 18:00,0.66
7/8/2020 19:00,0.66
7/8/2020 20:00,0.68
7/8/2020 21:00,0.69
7/8/2020 22:00,0.7
7/8/2020 23:00,0.74
7/9/2020 0:00,0.74
7/9/2020 1:00,0.93
7/9/2020 2:00,1
7/9/2020 3:00,1
7/9/2020 4:00,1.04
7/9/2020 5:00,1.03
7/9/2020 6:00,1.11
7/9/2020 7:00,1.42
7/9/2020 8:00,1.67
7/9/2020 9:00,1.67
7/9/2020 10:00,1.78
7/9/2020 11:00,1.74
7/9/2020 12:00,1.69
7/9/2020 13:00,1.62
7/9/2020 14:00,1.62
7/9/2020 15:00,1.49
7/9/2020 16:00,1.56
7/9/2020 17:00,1.69
7/9/2020 18:00,1.69
7/9/2020 19:00,1.69
7/9/2020 20:00,1.99
7/9/2020 21:00,1.99
7/9/2020 22:00,1.99
7/9/2020 23:00,1.99
7/10/2020 0:00,1.99
7/10/2020 1:00,1.99
7/10/2020 2:00,1.96
7/10/2020 3:00,1.89
7/10/2020 4:00,1.89
7/10/2020 5:00,1.89
7/10/2020 6:00,1.67
7/10/2020 7:00,1.6
7/10/2020 8:00,1.54
7/10/2020 9:00,1.48
7/10/2020 10:00,1.43
7/10/2020 11:00,1.39
7/10/2020 12:00,1.35
7/10/2020 13:00,1.35
7/10/2020 14:00,1.35
7/10/2020 15:00,1.35
7/10/2020 16:00,1.25
7/10/2020 17:00,1.24
7/10/2020 18:00,1.24
7/10/2020 19:00,1.26
7/10/2020 20:00,1.27
7/10/2020 21:00,1.27
7/10/2020 22:00,1.28
7/10/2020 23:00,1.28
7/11/2020 0:00,1.29
7/11/2020 1:00,1.28
7/11/2020 2:00,1.27
7/11/2020 3:00,1.25
7/11/2020 4:00,1.22
7/11/2020 5:00,1.19
7/11/2020 6:00,1.17
7/11/2020 7:00,1.14
7/11/2020 8:00,1.12
7/11/2020 9:00,1.12
7/11/2020 10:00,1.08
7/11/2020 11:00,1.06
7/11/2020 12:00,1.07
7/11/2020 13:00,1.06
7/11/2020 14:00,1.05
7/11/2020 15:00,1.05
7/11/2020 16:00,1.05
7/11/2020 17:00,1.05
7/11/2020 18:00,1.05
7/11/2020 19:00,1.08
7/11/2020 20:00,1.1
7/11/2020 21:00,1.14
7/11/2020 22:00,1.14
7/11/2020 23:00,1.17
7/12/2020 0:00,1.17
7/12/2020 1:00,1.15
7/12/2020 2:00,1.15
7/12/2020 3:00,1.1
7/12/2020 4:00,1.08
7/12/2020 5:00,1.06
7/12/2020 6:00,1.06
7/12/2020 7:00,1.06
7/12/2020 8:00,1.06
7/12/2020 9:00,1.06
7/12/2020 10:00,1.17
7/12/2020 11:00,1.17
7/12/2020 12:00,1.28
7/12/2020 13:00,1.32
7/12/2020 14:00,1.32
7/12/2020 15:00,1.34
7/12/2020 16:00,1.33
7/12/2020 17:00,1.33
7/12/2020 18:00,1.33
7/12/2020 19:00,1.33
7/12/2020 20:00,1.26
7/12/2020 21:00,1.23
7/12/2020 22:00,1.2
7/12/2020 23:00,1.16
7/13/2020 0:00,1.13
7/13/2020 1:00,1.13
7/13/2020 2:00,1.08
7/13/2020 3:00,1.06
7/13/2020 4:00,1.04
7/13/2020 5:00,1.02
7/13/2020 6:00,1
7/13/2020 7:00,0.99
7/13/2020 8:00,0.99
7/13/2020 9:00,0.99
7/13/2020 10:00,0.99
7/13/2020 11:00,0.92
7/13/2020 12:00,0.9
7/13/2020 13:00,0.9
7/13/2020 14:00,0.87
7/13/2020 15:00,0.85
7/13/2020 16:00,0.86
7/13/2020 17:00,0.86
7/13/2020 18:00,0.88
7/13/2020 19:00,0.89
7/13/2020 20:00,0.88
7/13/2020 21:00,0.86
7/13/2020 22:00,0.86
7/13/2020 23:00,0.85
7/14/2020 0:00,0.84
7/14/2020 1:00,0.82
7/14/2020 2:00,0.81
7/14/2020 3:00,0.79
7/14/2020 4:00,0.78
7/14/2020 5:00,0.77
7/14/2020 6:00,0.76
7/14/2020 7:00,0.78
7/14/2020 8:00,0.79
7/14/2020 9:00,0.79
7/14/2020 10:00,0.8
7/14/2020 11:00,0.79
7/14/2020 12:00,0.79
7/14/2020 13:00,0.76
7/14/2020 14:00,0.74
7/14/2020 15:00,0.73
7/14/2020 16:00,0.72
7/14/2020 17:00,0.7
7/14/2020 18:00,0.7
7/14/2020 19:00,0.72
7/14/2020 20:00,0.73
7/14/2020 21:00,0.74
7/14/2020 22:00,0.74
7/14/2020 23:00,0.74
7/15/2020 0:00,0.73
7/15/2020 1:00,0.72
7/15/2020 2:00,0.7
7/15/2020 3:00,0.69
7/15/2020 4:00,0.69
7/15/2020 5:00,0.68
7/15/2020 6:00,0.68
7/15/2020 7:00,0.68
7/15/2020 8:00,0.68
7/15/2020 9:00,0.7
7/15/2020 10:00,0.73
7/15/2020 11:00,0.74
7/15/2020 12:00,0.74
7/15/2020 13:00,0.75
7/15/2020 14:00,0.76
7/15/2020 15:00,0.78
7/15/2020 16:00,0.79
7/15/2020 17:00,0.8
7/15/2020 18:00,0.8
7/15/2020 19:00,0.82
7/15/2020 20:00,0.82
7/15/2020 21:00,0.84
7/15/2020 22:00,0.87
7/15/2020 23:00,0.87
7/16/2020 0:00,0.89
7/16/2020 1:00,0.89
7/16/2020 2:00,0.89
7/16/2020 3:00,0.89
7/16/2020 4:00,0.89
7/16/2020 5:00,0.89
7/16/2020 6:00,0.89
7/16/2020 7:00,0.89
7/16/2020 8:00,0.89
7/16/2020 9:00,0.89
7/16/2020 10:00,0.8
7/16/2020 11:00,0.8
7/16/2020 12:00,0.84
7/16/2020 13:00,0.83
7/16/2020 14:00,0.84
7/16/2020 15:00,0.89
7/16/2020 16:00,1
7/16/2020 17:00,1.14
7/16/2020 18:00,1.7
7/16/2020 19:00,2.34
7/16/2020 20:00,2.63
7/16/2020 21:00,2.71
7/16/2020 22:00,2.68
7/16/2020 23:00,2.6
7/17/2020 0:00,2.49
7/17/2020 1:00,2.37
7/17/2020 2:00,2.24
7/17/2020 3:00,2.11
7/17/2020 4:00,1.98
7/17/2020 5:00,1.87
7/17/2020 6:00,1.77
7/17/2020 7:00,1.69
7/17/2020 8:00,1.62
7/17/2020 9:00,1.55
7/17/2020 10:00,1.49
7/17/2020 11:00,1.43
7/17/2020 12:00,1.39
7/17/2020 13:00,1.34
7/17/2020 14:00,1.3
7/17/2020 15:00,1.26
7/17/2020 16:00,1.22
7/17/2020 17:00,1.18
7/17/2020 18:00,1.15
7/17/2020 19:00,1.15
7/17/2020 20:00,1.1
7/17/2020 21:00,1.08
7/17/2020 22:00,1.05
7/17/2020 23:00,1.03
7/18/2020 0:00,1.01
7/18/2020 1:00,0.98
7/18/2020 2:00,0.98
7/18/2020 3:00,0.94
7/18/2020 4:00,0.92
7/18/2020 5:00,0.91
7/18/2020 6:00,0.91
7/18/2020 7:00,0.93
7/18/2020 8:00,0.94
7/18/2020 9:00,0.93
7/18/2020 10:00,0.92
7/18/2020 11:00,0.9
7/18/2020 12:00,0.89
7/18/2020 13:00,0.87
7/18/2020 14:00,0.85
7/18/2020 15:00,0.84
7/18/2020 16:00,0.83
7/18/2020 17:00,0.83
7/18/2020 18:00,0.93
7/18/2020 19:00,1.16
7/18/2020 20:00,1.33
7/18/2020 21:00,1.39
7/18/2020 22:00,1.39
7/18/2020 23:00,1.4
7/19/2020 0:00,1.4
7/19/2020 1:00,1.4
7/19/2020 2:00,1.4
7/19/2020 3:00,1.4
7/19/2020 4:00,1.5
7/19/2020 5:00,1.57
7/19/2020 6:00,1.66
7/19/2020 7:00,1.66
7/19/2020 8:00,1.66
7/19/2020 9:00,1.65
7/19/2020 10:00,1.58
7/19/2020 11:00,1.58
7/19/2020 12:00,1.46
7/19/2020 13:00,1.46
7/19/2020 14:00,1.35
7/19/2020 15:00,1.35
7/19/2020 16:00,1.27
7/19/2020 17:00,1.27
7/19/2020 18:00,1.2
7/19/2020 19:00,1.18
7/19/2020 20:00,1.18
7/19/2020 21:00,1.17
7/19/2020 22:00,1.27
7/19/2020 23:00,1.36
7/20/2020 0:00,1.36
7/20/2020 1:00,1.47
7/20/2020 2:00,1.47
7/20/2020 3:00,1.48
7/20/2020 4:00,1.56
7/20/2020 5:00,1.65
7/20/2020 6:00,1.7
7/20/2020 7:00,1.69
7/20/2020 8:00,1.65
7/20/2020 9:00,1.59
7/20/2020 10:00,1.53
7/20/2020 11:00,1.55
7/20/2020 12:00,1.55
7/20/2020 13:00,1.55
7/20/2020 14:00,2.03
7/20/2020 15:00,2.2
7/20/2020 16:00,2.33
7/20/2020 17:00,2.4
7/20/2020 18:00,2.4
7/20/2020 19:00,2.43
7/20/2020 20:00,2.44
7/20/2020 21:00,2.44
7/20/2020 22:00,2.42
7/20/2020 23:00,2.36
7/21/2020 0:00,2.3
7/21/2020 1:00,2.3
7/21/2020 2:00,2.15
7/21/2020 3:00,2.07
7/21/2020 4:00,1.99
7/21/2020 5:00,1.99
7/21/2020 6:00,1.85
7/21/2020 7:00,1.79
7/21/2020 8:00,1.74
7/21/2020 9:00,1.68
7/21/2020 10:00,1.63
7/21/2020 11:00,1.58
7/21/2020 12:00,1.53
7/21/2020 13:00,1.49
7/21/2020 14:00,1.46
7/21/2020 15:00,1.42
7/21/2020 16:00,1.39
7/21/2020 17:00,1.36
7/21/2020 18:00,1.32
7/21/2020 19:00,1.3
7/21/2020 20:00,1.28
7/21/2020 21:00,1.25
7/21/2020 22:00,1.23
7/21/2020 23:00,1.21
7/22/2020 0:00,1.19
7/22/2020 1:00,1.17
7/22/2020 2:00,1.15
7/22/2020 3:00,1.13
7/22/2020 4:00,1.12
7/22/2020 5:00,1.1
7/22/2020 6:00,1.09
7/22/2020 7:00,1.08
7/22/2020 8:00,1.07
7/22/2020 9:00,1.07
7/22/2020 10:00,1.05
7/22/2020 11:00,1.05
7/22/2020 12:00,1.04
7/22/2020 13:00,1.03
7/22/2020 14:00,1.03
7/22/2020 15:00,1.02
7/22/2020 16:00,1.01
7/22/2020 17:00,1.02
7/22/2020 18:00,1.02
7/22/2020 19:00,1.01
7/22/2020 20:00,1.01
7/22/2020 21:00,1
7/22/2020 22:00,0.99
7/22/2020 23:00,0.97
7/23/2020 0:00,0.96
7/23/2020 1:00,0.95
7/23/2020 2:00,0.94
7/23/2020 3:00,0.93
7/23/2020 4:00,0.92
7/23/2020 5:00,0.91
7/23/2020 6:00,0.9
7/23/2020 7:00,0.9
7/23/2020 8:00,0.89
7/23/2020 9:00,0.88
7/23/2020 10:00,0.87
7/23/2020 11:00,0.86
7/23/2020 12:00,0.84
7/23/2020 13:00,0.82
7/23/2020 14:00,0.82
7/23/2020 15:00,0.82
7/23/2020 16:00,0.85
7/23/2020 17:00,0.92
7/23/2020 18:00,0.97
7/23/2020 19:00,1.01
7/23/2020 20:00,1.07
7/23/2020 21:00,1.07
7/23/2020 22:00,1.2
7/23/2020 23:00,1.28
7/24/2020 0:00,1.38
7/24/2020 1:00,1.45
7/24/2020 2:00,1.49
7/24/2020 3:00,1.48
7/24/2020 4:00,1.45
7/24/2020 5:00,1.41
7/24/2020 6:00,1.35
7/24/2020 7:00,1.3
7/24/2020 8:00,1.25
7/24/2020 9:00,1.21
7/24/2020 10:00,1.16
7/24/2020 11:00,1.13
7/24/2020 12:00,1.1
7/24/2020 13:00,1.09
7/24/2020 14:00,1.09
7/24/2020 15:00,1.09
7/24/2020 16:00,1.1
7/24/2020 17:00,1.11
7/24/2020 18:00,1.13
7/24/2020 19:00,1.13
7/24/2020 20:00,1.12
7/24/2020 21:00,1.11
7/24/2020 22:00,1.07
7/24/2020 23:00,1.06
7/25/2020 0:00,1.04
7/25/2020 1:00,1.02
7/25/2020 2:00,1
7/25/2020 3:00,0.98
7/25/2020 4:00,0.95
7/25/2020 5:00,0.94
7/25/2020 6:00,0.94
7/25/2020 7:00,0.94
7/25/2020 8:00,0.94
7/25/2020 9:00,0.93
7/25/2020 10:00,0.92
7/25/2020 11:00,0.9
7/25/2020 12:00,0.9
7/25/2020 13:00,0.89
7/25/2020 14:00,0.88
7/25/2020 15:00,0.88
7/25/2020 16:00,0.87
7/25/2020 17:00,0.88
7/25/2020 18:00,0.94
7/25/2020 19:00,0.97
7/25/2020 20:00,1
7/25/2020 21:00,1.02
7/25/2020 22:00,1.02
7/25/2020 23:00,1.01
7/26/2020 0:00,0.99
7/26/2020 1:00,0.97
7/26/2020 2:00,0.95
7/26/2020 3:00,0.93
7/26/2020 4:00,0.92
7/26/2020 5:00,0.9
7/26/2020 6:00,0.9
7/26/2020 7:00,0.91
7/26/2020 8:00,0.93
7/26/2020 9:00,0.95
7/26/2020 10:00,0.97
7/26/2020 11:00,0.99
7/26/2020 12:00,1.04
7/26/2020 13:00,1.06
7/26/2020 14:00,1.06
7/26/2020 15:00,1.06
7/26/2020 16:00,1.05
7/26/2020 17:00,1.01
7/26/2020 18:00,1.03
7/26/2020 19:00,1.03
7/26/2020 20:00,1.01
7/26/2020 21:00,1
7/26/2020 22:00,0.98
7/26/2020 23:00,0.98
7/27/2020 0:00,0.94
7/27/2020 1:00,0.91
7/27/2020 2:00,0.89
7/27/2020 3:00,0.88
7/27/2020 4:00,0.86
7/27/2020 5:00,0.84
7/27/2020 6:00,0.84
7/27/2020 7:00,0.84
7/27/2020 8:00,0.85
7/27/2020 9:00,0.85
7/27/2020 10:00,0.85
7/27/2020 11:00,0.84
7/27/2020 12:00,0.84
7/27/2020 13:00,0.81
7/27/2020 14:00,0.79
7/27/2020 15:00,0.77
7/27/2020 16:00,0.76
7/27/2020 17:00,0.76
7/27/2020 18:00,0.76
7/27/2020 19:00,0.78
7/27/2020 20:00,0.79
7/27/2020 21:00,0.8
7/27/2020 22:00,0.8
7/27/2020 23:00,0.78
7/28/2020 0:00,0.78
7/28/2020 1:00,0.75
7/28/2020 2:00,0.74
7/28/2020 3:00,0.72
7/28/2020 4:00,0.71
7/28/2020 5:00,0.7
7/28/2020 6:00,0.7
7/28/2020 7:00,0.7
7/28/2020 8:00,0.71
7/28/2020 9:00,0.73
7/28/2020 10:00,0.73
7/28/2020 11:00,0.72
7/28/2020 12:00,0.72
7/28/2020 13:00,0.73
7/28/2020 14:00,0.73
7/28/2020 15:00,0.74
7/28/2020 16:00,0.74
7/28/2020 17:00,0.81
7/28/2020 18:00,0.88
7/28/2020 19:00,0.96
7/28/2020 20:00,1.06
7/28/2020 21:00,1.1
7/28/2020 22:00,1.09
7/28/2020 23:00,1.09
7/29/2020 0:00,1.05
7/29/2020 1:00,1.03
7/29/2020 2:00,1.01
7/29/2020 3:00,1.04
7/29/2020 4:00,1.04
7/29/2020 5:00,1.19
7/29/2020 6:00,1.26
7/29/2020 7:00,1.3
7/29/2020 8:00,1.36
7/29/2020 9:00,1.37
7/29/2020 10:00,1.37
7/29/2020 11:00,1.37
7/29/2020 12:00,1.38
7/29/2020 13:00,1.39
7/29/2020 14:00,1.4
7/29/2020 15:00,1.4
7/29/2020 16:00,1.42
7/29/2020 17:00,1.43
7/29/2020 18:00,1.43
7/29/2020 19:00,1.46
7/29/2020 20:00,1.48
7/29/2020 21:00,1.48
7/29/2020 22:00,1.77
7/29/2020 23:00,1.79
7/30/2020 0:00,1.78
7/30/2020 1:00,1.75
7/30/2020 2:00,1.71
7/30/2020 3:00,1.67
7/30/2020 4:00,1.63
7/30/2020 5:00,1.59
7/30/2020 6:00,1.55
7/30/2020 7:00,1.51
7/30/2020 8:00,1.48
7/30/2020 9:00,1.44
7/30/2020 10:00,1.41
7/30/2020 11:00,1.41
7/30/2020 12:00,1.34
7/30/2020 13:00,1.31
7/30/2020 14:00,1.28
7/30/2020 15:00,1.28
7/30/2020 16:00,1.27
7/30/2020 17:00,1.26
7/30/2020 18:00,1.24
7/30/2020 19:00,1.27
7/30/2020 20:00,1.42
7/30/2020 21:00,1.57
7/30/2020 22:00,1.64
7/30/2020 23:00,1.66
7/31/2020 0:00,1.64
7/31/2020 1:00,1.62
7/31/2020 2:00,1.58
7/31/2020 3:00,1.53
7/31/2020 4:00,1.48
7/31/2020 5:00,1.44
7/31/2020 6:00,1.4
7/31/2020 7:00,1.36
7/31/2020 8:00,1.33
7/31/2020 9:00,1.31
7/31/2020 10:00,1.31
7/31/2020 11:00,1.26
7/31/2020 12:00,1.25
7/31/2020 13:00,1.25
7/31/2020 14:00,1.22
7/31/2020 15:00,1.22
7/31/2020 16:00,1.22
7/31/2020 17:00,1.22
7/31/2020 18:00,1.22
7/31/2020 19:00,1.22
7/31/2020 20:00,1.16
7/31/2020 21:00,1.15
7/31/2020 22:00,1.15
7/31/2020 23:00,1.15
8/1/2020 0:00,1.15
8/1/2020 1:00,1.15
8/1/2020 2:00,1.14
8/1/2020 3:00,1.13
8/1/2020 4:00,1.11
8/1/2020 5:00,1.09
8/1/2020 6:00,1.08
8/1/2020 7:00,1.06
8/1/2020 8:00,1.05
8/1/2020 9:00,1.04
8/1/2020 10:00,1.03
8/1/2020 11:00,1.02
8/1/2020 12:00,1.01
8/1/2020 13:00,0.99
8/1/2020 14:00,0.96
8/1/2020 15:00,0.92
8/1/2020 16:00,0.91
8/1/2020 17:00,0.91
8/1/2020 18:00,0.95
8/1/2020 19:00,0.97
8/1/2020 20:00,0.98
8/1/2020 21:00,0.99
8/1/2020 22:00,1
8/1/2020 23:00,1.01
8/2/2020 0:00,1.07
8/2/2020 1:00,1.12
8/2/2020 2:00,1.15
8/2/2020 3:00,1.16
8/2/2020 4:00,1.15
8/2/2020 5:00,1.16
8/2/2020 6:00,1.2
8/2/2020 7:00,1.27
8/2/2020 8:00,1.37
8/2/2020 9:00,1.49
8/2/2020 10:00,1.62
8/2/2020 11:00,1.87
8/2/2020 12:00,2.08
8/2/2020 13:00,2.21
8/2/2020 14:00,2.26
8/2/2020 15:00,2.24
8/2/2020 16:00,2.19
8/2/2020 17:00,2.13
8/2/2020 18:00,2.07
8/2/2020 19:00,2.01
8/2/2020 20:00,1.95
8/2/2020 21:00,1.92
8/2/2020 22:00,1.89
8/2/2020 23:00,1.86
8/3/2020 0:00,1.84
8/3/2020 1:00,1.84
8/3/2020 2:00,1.86
8/3/2020 3:00,1.86
8/3/2020 4:00,1.89
8/3/2020 5:00,1.89
8/3/2020 6:00,1.88
8/3/2020 7:00,1.87
8/3/2020 8:00,1.85
8/3/2020 9:00,1.82
8/3/2020 10:00,1.82
8/3/2020 11:00,1.78
8/3/2020 12:00,1.78
8/3/2020 13:00,1.78
8/3/2020 14:00,1.74
8/3/2020 15:00,1.73
8/3/2020 16:00,1.72
8/3/2020 17:00,1.72
8/3/2020 18:00,1.72
8/3/2020 19:00,1.72
8/3/2020 20:00,1.72
8/3/2020 21:00,1.72
8/3/2020 22:00,1.68
8/3/2020 23:00,1.66
8/4/2020 0:00,1.63
8/4/2020 1:00,1.62
8/4/2020 2:00,1.6
8/4/2020 3:00,1.58
8/4/2020 4:00,1.59
8/4/2020 5:00,1.6
8/4/2020 6:00,1.59
8/4/2020 7:00,1.58
8/4/2020 8:00,1.55
8/4/2020 9:00,1.55
8/4/2020 10:00,1.5
8/4/2020 11:00,1.47
8/4/2020 12:00,1.45
8/4/2020 13:00,1.43
8/4/2020 14:00,1.41
8/4/2020 15:00,1.4
8/4/2020 16:00,1.4
8/4/2020 17:00,1.38
8/4/2020 18:00,1.36
8/4/2020 19:00,1.39
8/4/2020 20:00,1.47
8/4/2020 21:00,1.58
8/4/2020 22:00,1.69
8/4/2020 23:00,1.78
8/5/2020 0:00,1.84
8/5/2020 1:00,1.88
8/5/2020 2:00,1.89
8/5/2020 3:00,1.86
8/5/2020 4:00,1.82
8/5/2020 5:00,1.78
8/5/2020 6:00,1.75
8/5/2020 7:00,1.71
8/5/2020 8:00,1.68
8/5/2020 9:00,1.65
8/5/2020 10:00,1.63
8/5/2020 11:00,1.62
8/5/2020 12:00,1.61
8/5/2020 13:00,1.6
8/5/2020 14:00,1.59
8/5/2020 15:00,1.57
8/5/2020 16:00,1.57
8/5/2020 17:00,1.56
8/5/2020 18:00,1.54
8/5/2020 19:00,1.52
8/5/2020 20:00,1.5
8/5/2020 21:00,1.49
8/5/2020 22:00,1.49
8/5/2020 23:00,1.49
8/6/2020 0:00,1.5
8/6/2020 1:00,1.58
8/6/2020 2:00,1.67
8/6/2020 3:00,1.76
8/6/2020 4:00,1.82
8/6/2020 5:00,1.85
8/6/2020 6:00,1.94
8/6/2020 7:00,2.14
8/6/2020 8:00,2.4
8/6/2020 9:00,2.68
8/6/2020 10:00,3.03
8/6/2020 11:00,3.4
8/6/2020 12:00,3.59
8/6/2020 13:00,3.64
8/6/2020 14:00,3.64
8/6/2020 15:00,3.64
8/6/2020 16:00,3.46
8/6/2020 17:00,3.46
8/6/2020 18:00,3.32
8/6/2020 19:00,3.25
8/6/2020 20:00,3.17
8/6/2020 21:00,3.08
8/6/2020 22:00,2.99
8/6/2020 23:00,2.91
8/7/2020 0:00,2.83
8/7/2020 1:00,2.75
8/7/2020 2:00,2.67
8/7/2020 3:00,2.6
8/7/2020 4:00,2.51
8/7/2020 5:00,2.42
8/7/2020 6:00,2.35
8/7/2020 7:00,2.29
8/7/2020 8:00,2.25
8/7/2020 9:00,2.23
8/7/2020 10:00,2.37
8/7/2020 11:00,2.61
8/7/2020 12:00,2.61
8/7/2020 13:00,2.82
8/7/2020 14:00,2.8
8/7/2020 15:00,2.73
8/7/2020 16:00,2.65
8/7/2020 17:00,2.56
8/7/2020 18:00,2.48
8/7/2020 19:00,2.41
8/7/2020 20:00,2.35
8/7/2020 21:00,2.32
8/7/2020 22:00,2.31
8/7/2020 23:00,2.29
8/8/2020 0:00,2.24
8/8/2020 1:00,2.18
8/8/2020 2:00,2.13
8/8/2020 3:00,2.07
8/8/2020 4:00,2.04
8/8/2020 5:00,2.01
8/8/2020 6:00,1.96
8/8/2020 7:00,1.92
8/8/2020 8:00,1.89
8/8/2020 9:00,1.83
8/8/2020 10:00,1.8
8/8/2020 11:00,1.8
8/8/2020 12:00,1.73
8/8/2020 13:00,1.7
8/8/2020 14:00,1.68
8/8/2020 15:00,1.65
8/8/2020 16:00,1.62
8/8/2020 17:00,1.62
8/8/2020 18:00,1.58
8/8/2020 19:00,1.57
8/8/2020 20:00,1.56
8/8/2020 21:00,1.55
8/8/2020 22:00,1.54
8/8/2020 23:00,1.53
8/9/2020 0:00,1.52
8/9/2020 1:00,1.56
8/9/2020 2:00,1.63
8/9/2020 3:00,1.71
8/9/2020 4:00,1.71
8/9/2020 5:00,1.87
8/9/2020 6:00,1.94
8/9/2020 7:00,2.04
8/9/2020 8:00,2.19
8/9/2020 9:00,2.35
8/9/2020 10:00,2.46
8/9/2020 11:00,2.52
8/9/2020 12:00,2.53
8/9/2020 13:00,2.53
8/9/2020 14:00,2.53
8/9/2020 15:00,2.53
8/9/2020 16:00,2.44
8/9/2020 17:00,2.4
8/9/2020 18:00,2.4
8/9/2020 19:00,2.44
8/9/2020 20:00,2.52
8/9/2020 21:00,2.61
8/9/2020 22:00,2.73
8/9/2020 23:00,2.94
8/10/2020 0:00,3.11
8/10/2020 1:00,3.2
8/10/2020 2:00,3.21
8/10/2020 3:00,3.18
8/10/2020 4:00,3.13
8/10/2020 5:00,3.09
8/10/2020 6:00,3.05
8/10/2020 7:00,2.99
8/10/2020 8:00,2.93
8/10/2020 9:00,2.86
8/10/2020 10:00,2.78
8/10/2020 11:00,2.7
8/10/2020 12:00,2.7
8/10/2020 13:00,2.7
8/10/2020 14:00,2.47
8/10/2020 15:00,2.47
8/10/2020 16:00,2.38
8/10/2020 17:00,2.38
8/10/2020 18:00,2.3
8/10/2020 19:00,2.3
8/10/2020 20:00,2.23
8/10/2020 21:00,2.21
8/10/2020 22:00,2.19
8/10/2020 23:00,2.19
8/11/2020 0:00,2.17
8/11/2020 1:00,2.17
8/11/2020 2:00,2.16
8/11/2020 3:00,2.14
8/11/2020 4:00,2.1
8/11/2020 5:00,2.07
8/11/2020 6:00,2.03
8/11/2020 7:00,2
8/11/2020 8:00,1.97
8/11/2020 9:00,1.95
8/11/2020 10:00,1.92
8/11/2020 11:00,1.92
8/11/2020 12:00,1.93
8/11/2020 13:00,1.93
8/11/2020 14:00,1.93
8/11/2020 15:00,1.94
8/11/2020 16:00,1.96
8/11/2020 17:00,2.02
8/11/2020 18:00,2.09
8/11/2020 19:00,2.17
8/11/2020 20:00,2.24
8/11/2020 21:00,2.3
8/11/2020 22:00,2.35
8/11/2020 23:00,2.38
8/12/2020 0:00,2.38
8/12/2020 1:00,2.37
8/12/2020 2:00,2.33
8/12/2020 3:00,2.3
8/12/2020 4:00,2.25
8/12/2020 5:00,2.2
8/12/2020 6:00,2.15
8/12/2020 7:00,2.1
8/12/2020 8:00,2.06
8/12/2020 9:00,2
8/12/2020 10:00,1.96
8/12/2020 11:00,1.96
8/12/2020 12:00,1.96
8/12/2020 13:00,1.96
8/12/2020 14:00,1.96
8/12/2020 15:00,1.96
8/12/2020 16:00,1.96
8/12/2020 17:00,1.96
8/12/2020 18:00,1.68
8/12/2020 19:00,1.65
8/12/2020 20:00,1.62
8/12/2020 21:00,1.6
8/12/2020 22:00,1.6
8/12/2020 23:00,1.55
8/13/2020 0:00,1.55
8/13/2020 1:00,1.5
8/13/2020 2:00,1.48
8/13/2020 3:00,1.48
8/13/2020 4:00,1.48
8/13/2020 5:00,1.44
8/13/2020 6:00,1.44
8/13/2020 7:00,1.41
8/13/2020 8:00,1.4
8/13/2020 9:00,1.38
8/13/2020 10:00,1.37
8/13/2020 11:00,1.36
8/13/2020 12:00,1.35
8/13/2020 13:00,1.33
8/13/2020 14:00,1.31
8/13/2020 15:00,1.3
8/13/2020 16:00,1.28
8/13/2020 17:00,1.27
8/13/2020 18:00,1.26
8/13/2020 19:00,1.26
8/13/2020 20:00,1.25
8/13/2020 21:00,1.24
8/13/2020 22:00,1.23
8/13/2020 23:00,1.22
8/14/2020 0:00,1.21
8/14/2020 1:00,1.21
8/14/2020 2:00,1.2
8/14/2020 3:00,1.19
8/14/2020 4:00,1.17
8/14/2020 5:00,1.16
8/14/2020 6:00,1.16
8/14/2020 7:00,1.15
8/14/2020 8:00,1.15
8/14/2020 9:00,1.14
8/14/2020 10:00,1.13
8/14/2020 11:00,1.12
8/14/2020 12:00,1.12
8/14/2020 13:00,1.12
8/14/2020 14:00,1.12
8/14/2020 15:00,1.12
8/14/2020 16:00,1.08
8/14/2020 17:00,1.07
8/14/2020 18:00,1.07
8/14/2020 19:00,1.07
8/14/2020 20:00,1.07
8/14/2020 21:00,1.05
8/14/2020 22:00,1.05
8/14/2020 23:00,1.05
8/15/2020 0:00,1.04
8/15/2020 1:00,1.04
8/15/2020 2:00,1.03
8/15/2020 3:00,1.03
8/15/2020 4:00,1.03
8/15/2020 5:00,1
8/15/2020 6:00,1
8/15/2020 7:00,1
8/15/2020 8:00,0.99
8/15/2020 9:00,0.99
8/15/2020 10:00,0.98
8/15/2020 11:00,0.98
8/15/2020 12:00,0.96
8/15/2020 13:00,0.95
8/15/2020 14:00,0.95
8/15/2020 15:00,0.95
8/15/2020 16:00,0.91
8/15/2020 17:00,0.91
8/15/2020 18:00,0.94
8/15/2020 19:00,0.94
8/15/2020 20:00,0.94
8/15/2020 21:00,0.94
8/15/2020 22:00,0.94
8/15/2020 23:00,0.94
8/16/2020 0:00,0.94
8/16/2020 1:00,0.94
8/16/2020 2:00,0.93
8/16/2020 3:00,0.93
8/16/2020 4:00,0.93
8/16/2020 5:00,0.93
8/16/2020 6:00,0.91
8/16/2020 7:00,0.9
8/16/2020 8:00,0.9
8/16/2020 9:00,0.9
8/16/2020 10:00,0.9
8/16/2020 11:00,0.89
8/16/2020 12:00,0.89
8/16/2020 13:00,0.89
8/16/2020 14:00,0.84
8/16/2020 15:00,0.82
8/16/2020 16:00,0.81
8/16/2020 17:00,0.81
8/16/2020 18:00,0.81
8/16/2020 19:00,0.81
8/16/2020 20:00,0.81
8/16/2020 21:00,0.81
8/16/2020 22:00,0.85
8/16/2020 23:00,0.84
8/17/2020 0:00,0.84
8/17/2020 1:00,0.84
8/17/2020 2:00,0.84
8/17/2020 3:00,0.82
8/17/2020 4:00,0.82
8/17/2020 5:00,0.8
8/17/2020 6:00,0.79
8/17/2020 7:00,0.79
8/17/2020 8:00,0.79
8/17/2020 9:00,0.8
8/17/2020 10:00,0.82
8/17/2020 11:00,0.82
8/17/2020 12:00,0.81
8/17/2020 13:00,0.8
8/17/2020 14:00,0.79
8/17/2020 15:00,0.79
8/17/2020 16:00,0.72
8/17/2020 17:00,0.72
8/17/2020 18:00,0.58
8/17/2020 19:00,0.57
8/17/2020 20:00,0.67
8/17/2020 21:00,0.71
8/17/2020 22:00,0.73
8/17/2020 23:00,0.79
8/18/2020 0:00,0.81
8/18/2020 1:00,0.81
8/18/2020 2:00,0.81
8/18/2020 3:00,0.8
8/18/2020 4:00,0.79
8/18/2020 5:00,0.78
8/18/2020 6:00,0.76
8/18/2020 7:00,0.76
8/18/2020 8:00,0.77
8/18/2020 9:00,0.78
8/18/2020 10:00,0.78
8/18/2020 11:00,0.77
8/18/2020 12:00,0.73
8/18/2020 13:00,0.65
8/18/2020 14:00,0.58
8/18/2020 15:00,0.59
8/18/2020 16:00,0.62
8/18/2020 17:00,0.65
8/18/2020 18:00,0.66
8/18/2020 19:00,0.68
8/18/2020 20:00,0.7
8/18/2020 21:00,0.76
8/18/2020 22:00,0.79
8/18/2020 23:00,0.79
8/19/2020 0:00,0.79
8/19/2020 1:00,0.73
8/19/2020 2:00,0.71
8/19/2020 3:00,0.69
8/19/2020 4:00,0.68
8/19/2020 5:00,0.67
8/19/2020 6:00,0.67
8/19/2020 7:00,0.69
8/19/2020 8:00,0.7
8/19/2020 9:00,0.7
8/19/2020 10:00,0.7
8/19/2020 11:00,0.69
8/19/2020 12:00,0.7
8/19/2020 13:00,0.69
8/19/2020 14:00,0.69
8/19/2020 15:00,0.65
8/19/2020 16:00,0.64
8/19/2020 17:00,0.64
8/19/2020 18:00,0.63
8/19/2020 19:00,0.63
8/19/2020 20:00,0.64
8/19/2020 21:00,0.64
8/19/2020 22:00,0.67
8/19/2020 23:00,0.66
8/20/2020 0:00,0.66
8/20/2020 1:00,0.65
8/20/2020 2:00,0.64
8/20/2020 3:00,0.63
8/20/2020 4:00,0.62
8/20/2020 5:00,0.61
8/20/2020 6:00,0.6
8/20/2020 7:00,0.6
8/20/2020 8:00,0.6
8/20/2020 9:00,0.6
8/20/2020 10:00,0.6
8/20/2020 11:00,0.64
8/20/2020 12:00,0.64
8/20/2020 13:00,0.63
8/20/2020 14:00,0.6
8/20/2020 15:00,0.59
8/20/2020 16:00,0.58
8/20/2020 17:00,0.58
8/20/2020 18:00,0.57
8/20/2020 19:00,0.59
8/20/2020 20:00,0.61
8/20/2020 21:00,0.63
8/20/2020 22:00,0.64
8/20/2020 23:00,0.63
8/21/2020 0:00,0.62
8/21/2020 1:00,0.6
8/21/2020 2:00,0.6
8/21/2020 3:00,0.58
8/21/2020 4:00,0.58
8/21/2020 5:00,0.56
8/21/2020 6:00,0.55
8/21/2020 7:00,0.56
8/21/2020 8:00,0.56
8/21/2020 9:00,0.58
8/21/2020 10:00,0.59
8/21/2020 11:00,0.6
8/21/2020 12:00,0.6
8/21/2020 13:00,0.6
8/21/2020 14:00,0.58
8/21/2020 15:00,0.58
8/21/2020 16:00,0.56
8/21/2020 17:00,0.56
8/21/2020 18:00,0.56
8/21/2020 19:00,0.56
8/21/2020 20:00,0.56
8/21/2020 21:00,0.58
8/21/2020 22:00,0.59
8/21/2020 23:00,0.59
8/22/2020 0:00,0.59
8/22/2020 1:00,0.59
8/22/2020 2:00,0.58
8/22/2020 3:00,0.57
8/22/2020 4:00,0.56
8/22/2020 5:00,0.55
8/22/2020 6:00,0.54
8/22/2020 7:00,0.53
8/22/2020 8:00,0.53
8/22/2020 9:00,0.53
8/22/2020 10:00,0.56
8/22/2020 11:00,0.56
8/22/2020 12:00,0.56
8/22/2020 13:00,0.56
8/22/2020 14:00,0.54
8/22/2020 15:00,0.53
8/22/2020 16:00,0.5
8/22/2020 17:00,0.49
8/22/2020 18:00,0.49
8/22/2020 19:00,0.5
8/22/2020 20:00,0.5
8/22/2020 21:00,0.53
8/22/2020 22:00,0.56
8/22/2020 23:00,0.57
8/23/2020 0:00,0.56
8/23/2020 1:00,0.56
8/23/2020 2:00,0.55
8/23/2020 3:00,0.53
8/23/2020 4:00,0.53
8/23/2020 5:00,0.52
8/23/2020 6:00,0.51
8/23/2020 7:00,0.49
8/23/2020 8:00,0.49
8/23/2020 9:00,0.47
8/23/2020 10:00,0.48
8/23/2020 11:00,0.49
8/23/2020 12:00,0.49
8/23/2020 13:00,0.51
8/23/2020 14:00,0.51
8/23/2020 15:00,0.51
8/23/2020 16:00,0.5
8/23/2020 17:00,0.5
8/23/2020 18:00,0.5
8/23/2020 19:00,0.5
8/23/2020 20:00,0.49
8/23/2020 21:00,0.49
8/23/2020 22:00,0.49
8/23/2020 23:00,0.51
8/24/2020 0:00,0.5
8/24/2020 1:00,0.5
8/24/2020 2:00,0.49
8/24/2020 3:00,0.49
8/24/2020 4:00,0.49
8/24/2020 5:00,0.47
8/24/2020 6:00,0.46
8/24/2020 7:00,0.46
8/24/2020 8:00,0.45
8/24/2020 9:00,0.43
8/24/2020 10:00,0.43
8/24/2020 11:00,0.44
8/24/2020 12:00,0.45
8/24/2020 13:00,0.45
8/24/2020 14:00,0.46
8/24/2020 15:00,0.45
8/24/2020 16:00,0.44
8/24/2020 17:00,0.42
8/24/2020 18:00,0.42
8/24/2020 19:00,0.42
8/24/2020 20:00,0.43
8/24/2020 21:00,0.45
8/24/2020 22:00,0.48
8/24/2020 23:00,0.5
8/25/2020 0:00,0.51
8/25/2020 1:00,0.51
8/25/2020 2:00,0.51
8/25/2020 3:00,0.53
8/25/2020 4:00,0.54
8/25/2020 5:00,0.54
8/25/2020 6:00,0.54
8/25/2020 7:00,0.53
8/25/2020 8:00,0.51
8/25/2020 9:00,0.49
8/25/2020 10:00,0.48
8/25/2020 11:00,0.49
8/25/2020 12:00,0.48
8/25/2020 13:00,0.47
8/25/2020 14:00,0.48
8/25/2020 15:00,0.48
8/25/2020 16:00,0.46
8/25/2020 17:00,0.46
8/25/2020 18:00,0.47
8/25/2020 19:00,0.47
8/25/2020 20:00,0.47
8/25/2020 21:00,0.48
8/25/2020 22:00,0.48
8/25/2020 23:00,0.49
8/26/2020 0:00,0.5
8/26/2020 1:00,0.5
8/26/2020 2:00,0.49
8/26/2020 3:00,0.48
8/26/2020 4:00,0.46
8/26/2020 5:00,0.46
8/26/2020 6:00,0.47
8/26/2020 7:00,0.48
8/26/2020 8:00,0.47
8/26/2020 9:00,0.46
8/26/2020 10:00,0.44
8/26/2020 11:00,0.44
8/26/2020 12:00,0.45
8/26/2020 13:00,0.46
8/26/2020 14:00,0.46
8/26/2020 15:00,0.46
8/26/2020 16:00,0.47
8/26/2020 17:00,0.48
8/26/2020 18:00,0.51
8/26/2020 19:00,0.6
8/26/2020 20:00,0.71
8/26/2020 21:00,0.95
8/26/2020 22:00,1.18
8/26/2020 23:00,1.18
8/27/2020 0:00,1.26
8/27/2020 1:00,1.2
8/27/2020 2:00,1.11
8/27/2020 3:00,1.02
8/27/2020 4:00,0.93
8/27/2020 5:00,0.85
8/27/2020 6:00,0.79
8/27/2020 7:00,0.74
8/27/2020 8:00,0.74
8/27/2020 9:00,0.65
8/27/2020 10:00,0.62
8/27/2020 11:00,0.59
8/27/2020 12:00,0.57
8/27/2020 13:00,0.57
8/27/2020 14:00,0.57
8/27/2020 15:00,0.56
8/27/2020 16:00,0.55
8/27/2020 17:00,0.53
8/27/2020 18:00,0.54
8/27/2020 19:00,0.54
8/27/2020 20:00,0.51
8/27/2020 21:00,0.5
8/27/2020 22:00,0.52
8/27/2020 23:00,0.52
8/28/2020 0:00,0.86
8/28/2020 1:00,0.9
8/28/2020 2:00,0.9
8/28/2020 3:00,0.87
8/28/2020 4:00,0.84
8/28/2020 5:00,0.8
8/28/2020 6:00,0.8
8/28/2020 7:00,0.71
8/28/2020 8:00,0.68
8/28/2020 9:00,0.63
8/28/2020 10:00,0.63
8/28/2020 11:00,0.56
8/28/2020 12:00,0.52
8/28/2020 13:00,0.52
8/28/2020 14:00,0.53
8/28/2020 15:00,0.53
8/28/2020 16:00,0.52
8/28/2020 17:00,0.52
8/28/2020 18:00,0.51
8/28/2020 19:00,0.51
8/28/2020 20:00,0.51
8/28/2020 21:00,0.47
8/28/2020 22:00,0.47
8/28/2020 23:00,0.47
8/29/2020 0:00,0.77
8/29/2020 1:00,0.77
8/29/2020 2:00,0.77
8/29/2020 3:00,0.77
8/29/2020 4:00,0.77
8/29/2020 5:00,0.77
8/29/2020 6:00,0.77
8/29/2020 7:00,0.56
8/29/2020 8:00,0.56
8/29/2020 9:00,0.56
8/29/2020 10:00,0.56
8/29/2020 11:00,0.56
8/29/2020 12:00,0.56
8/29/2020 13:00,0.56
8/29/2020 14:00,0.45
8/29/2020 15:00,0.46
8/29/2020 16:00,0.45
8/29/2020 17:00,0.45
8/29/2020 18:00,0.46
8/29/2020 19:00,0.46
8/29/2020 20:00,0.46
8/29/2020 21:00,0.44
8/29/2020 22:00,0.43
8/29/2020 23:00,0.43
8/30/2020 0:00,0.43
8/30/2020 1:00,0.44
8/30/2020 2:00,0.45
8/30/2020 3:00,0.45
8/30/2020 4:00,0.44
8/30/2020 5:00,0.43
8/30/2020 6:00,0.43
8/30/2020 7:00,0.42
8/30/2020 8:00,0.41
8/30/2020 9:00,0.4
8/30/2020 10:00,0.39
8/30/2020 11:00,0.38
8/30/2020 12:00,0.39
8/30/2020 13:00,0.4
8/30/2020 14:00,0.42
8/30/2020 15:00,0.43
8/30/2020 16:00,0.43
8/30/2020 17:00,0.42
8/30/2020 18:00,0.42
8/30/2020 19:00,0.42
8/30/2020 20:00,0.42
8/30/2020 21:00,0.42
8/30/2020 22:00,0.42
8/30/2020 23:00,0.41
8/31/2020 0:00,0.41
8/31/2020 1:00,0.4
8/31/2020 2:00,0.4
8/31/2020 3:00,0.41
8/31/2020 4:00,0.41
8/31/2020 5:00,0.4
8/31/2020 6:00,0.4
8/31/2020 7:00,0.4
8/31/2020 8:00,0.39
8/31/2020 9:00,0.38
8/31/2020 10:00,0.38
8/31/2020 11:00,0.38
8/31/2020 12:00,0.38
8/31/2020 13:00,0.38
8/31/2020 14:00,0.39
8/31/2020 15:00,0.41
8/31/2020 16:00,0.41
8/31/2020 17:00,0.41
8/31/2020 18:00,0.42
8/31/2020 19:00,0.41
8/31/2020 20:00,0.41
8/31/2020 21:00,0.4
8/31/2020 22:00,0.4
8/31/2020 23:00,0.41
9/1/2020 0:00,0.42
9/1/2020 1:00,0.45
9/1/2020 2:00,0.5
9/1/2020 3:00,0.55
9/1/2020 4:00,0.59
9/1/2020 5:00,0.61
9/1/2020 6:00,0.61
9/1/2020 7:00,0.6
9/1/2020 8:00,0.59
9/1/2020 9:00,0.58
9/1/2020 10:00,0.57
9/1/2020 11:00,0.55
9/1/2020 12:00,0.54
9/1/2020 13:00,0.53
9/1/2020 14:00,0.54
9/1/2020 15:00,0.53
9/1/2020 16:00,0.52
9/1/2020 17:00,0.51
9/1/2020 18:00,0.5
9/1/2020 19:00,0.49
9/1/2020 20:00,0.48
9/1/2020 21:00,0.47
9/1/2020 22:00,0.46
9/1/2020 23:00,0.64
9/2/2020 0:00,1.05
9/2/2020 1:00,1.25
9/2/2020 2:00,1.31
9/2/2020 3:00,1.38
9/2/2020 4:00,1.46
9/2/2020 5:00,1.52
9/2/2020 6:00,1.58
9/2/2020 7:00,1.68
9/2/2020 8:00,1.68
9/2/2020 9:00,1.98
9/2/2020 10:00,2.07
9/2/2020 11:00,2.11
9/2/2020 12:00,2.09
9/2/2020 13:00,2.04
9/2/2020 14:00,2.04
9/2/2020 15:00,2.04
9/2/2020 16:00,1.82
9/2/2020 17:00,1.78
9/2/2020 18:00,1.78
9/2/2020 19:00,1.71
9/2/2020 20:00,1.66
9/2/2020 21:00,1.6
9/2/2020 22:00,1.53
9/2/2020 23:00,1.48
9/3/2020 0:00,1.48
9/3/2020 1:00,1.37
9/3/2020 2:00,1.32
9/3/2020 3:00,1.27
9/3/2020 4:00,1.22
9/3/2020 5:00,1.17
9/3/2020 6:00,1.11
9/3/2020 7:00,1.08
9/3/2020 8:00,1.04
9/3/2020 9:00,1
9/3/2020 10:00,0.97
9/3/2020 11:00,0.95
9/3/2020 12:00,0.93
9/3/2020 13:00,0.92
9/3/2020 14:00,0.9
9/3/2020 15:00,0.88
9/3/2020 16:00,0.86
9/3/2020 17:00,0.85
9/3/2020 18:00,0.84
9/3/2020 19:00,0.87
9/3/2020 20:00,0.92
9/3/2020 21:00,0.96
9/3/2020 22:00,1
9/3/2020 23:00,1.01
9/4/2020 0:00,1.01
9/4/2020 1:00,1.01
9/4/2020 2:00,1
9/4/2020 3:00,0.98
9/4/2020 4:00,0.95
9/4/2020 5:00,0.92
9/4/2020 6:00,0.89
9/4/2020 7:00,0.86
9/4/2020 8:00,0.83
9/4/2020 9:00,0.81
9/4/2020 10:00,0.81
9/4/2020 11:00,0.75
9/4/2020 12:00,0.72
9/4/2020 13:00,0.68
9/4/2020 14:00,0.68
9/4/2020 15:00,0.65
9/4/2020 16:00,0.71
9/4/2020 17:00,0.76
9/4/2020 18:00,0.76
9/4/2020 19:00,0.72
9/4/2020 20:00,0.72
9/4/2020 21:00,0.72
9/4/2020 22:00,0.71
9/4/2020 23:00,0.69
9/5/2020 0:00,0.69
9/5/2020 1:00,0.65
9/5/2020 2:00,0.63
9/5/2020 3:00,0.62
9/5/2020 4:00,0.61
9/5/2020 5:00,0.61
9/5/2020 6:00,0.6
9/5/2020 7:00,0.6
9/5/2020 8:00,0.62
9/5/2020 9:00,0.63
9/5/2020 10:00,0.63
9/5/2020 11:00,0.63
9/5/2020 12:00,0.7
9/5/2020 13:00,0.72
9/5/2020 14:00,0.72
9/5/2020 15:00,0.8
9/5/2020 16:00,0.87
9/5/2020 17:00,0.96
9/5/2020 18:00,1.01
9/5/2020 19:00,1.03
9/5/2020 20:00,1.02
9/5/2020 21:00,1.02
9/5/2020 22:00,1.02
9/5/2020 23:00,1.01
9/6/2020 0:00,0.99
9/6/2020 1:00,0.98
9/6/2020 2:00,0.95
9/6/2020 3:00,0.93
9/6/2020 4:00,0.91
9/6/2020 5:00,0.89
9/6/2020 6:00,0.88
9/6/2020 7:00,0.87
9/6/2020 8:00,0.86
9/6/2020 9:00,0.84
9/6/2020 10:00,0.82
9/6/2020 11:00,0.81
9/6/2020 12:00,0.8
9/6/2020 13:00,0.82
9/6/2020 14:00,0.82
9/6/2020 15:00,0.82
9/6/2020 16:00,1.81
9/6/2020 17:00,2.38
9/6/2020 18:00,2.91
9/6/2020 19:00,3.29
9/6/2020 20:00,3.29
9/6/2020 21:00,3.29
9/6/2020 22:00,3.29
9/6/2020 23:00,3.29
9/7/2020 0:00,3.29
9/7/2020 1:00,3.29
9/7/2020 2:00,4.13
9/7/2020 3:00,4.13
9/7/2020 4:00,3.97
9/7/2020 5:00,3.97
9/7/2020 6:00,3.97
9/7/2020 7:00,3.97
9/7/2020 8:00,3.51
9/7/2020 9:00,3.38
9/7/2020 10:00,3.38
9/7/2020 11:00,3.38
9/7/2020 12:00,2.98
9/7/2020 13:00,2.86
9/7/2020 14:00,2.86
9/7/2020 15:00,2.86
9/7/2020 16:00,2.44
9/7/2020 17:00,2.39
9/7/2020 18:00,2.31
9/7/2020 19:00,2.22
9/7/2020 20:00,2.11
9/7/2020 21:00,2.01
9/7/2020 22:00,1.9
9/7/2020 23:00,1.81
9/8/2020 0:00,1.71
9/8/2020 1:00,1.63
9/8/2020 2:00,1.55
9/8/2020 3:00,1.48
9/8/2020 4:00,1.41
9/8/2020 5:00,1.35
9/8/2020 6:00,1.3
9/8/2020 7:00,1.25
9/8/2020 8:00,1.22
9/8/2020 9:00,1.18
9/8/2020 10:00,1.15
9/8/2020 11:00,1.15
9/8/2020 12:00,1.1
9/8/2020 13:00,1.07
9/8/2020 14:00,1.04
9/8/2020 15:00,1.04
9/8/2020 16:00,1
9/8/2020 17:00,0.98
9/8/2020 18:00,0.98
9/8/2020 19:00,1
9/8/2020 20:00,0.99
9/8/2020 21:00,0.98
9/8/2020 22:00,0.97
9/8/2020 23:00,0.96
9/9/2020 0:00,0.96
9/9/2020 1:00,0.95
9/9/2020 2:00,0.94
9/9/2020 3:00,0.95
9/9/2020 4:00,0.98
9/9/2020 5:00,1.06
9/9/2020 6:00,1.23
9/9/2020 7:00,1.42
9/9/2020 8:00,1.68
9/9/2020 9:00,2
9/9/2020 10:00,2.27
9/9/2020 11:00,2.47
9/9/2020 12:00,2.58
9/9/2020 13:00,2.6
9/9/2020 14:00,2.55
9/9/2020 15:00,2.48
9/9/2020 16:00,2.39
9/9/2020 17:00,2.3
9/9/2020 18:00,2.22
9/9/2020 19:00,2.15
9/9/2020 20:00,2.08
9/9/2020 21:00,2
9/9/2020 22:00,1.93
9/9/2020 23:00,1.85
9/10/2020 0:00,1.77
9/10/2020 1:00,1.77
9/10/2020 2:00,1.79
9/10/2020 3:00,1.8
9/10/2020 4:00,1.81
9/10/2020 5:00,1.92
9/10/2020 6:00,2.14
9/10/2020 7:00,2.31
9/10/2020 8:00,2.46
9/10/2020 9:00,2.54
9/10/2020 10:00,2.58
9/10/2020 11:00,2.58
9/10/2020 12:00,2.58
9/10/2020 13:00,2.57
9/10/2020 14:00,2.57
9/10/2020 15:00,2.56
9/10/2020 16:00,2.55
9/10/2020 17:00,2.54
9/10/2020 18:00,2.54
9/10/2020 19:00,2.56
9/10/2020 20:00,2.64
9/10/2020 21:00,2.72
9/10/2020 22:00,2.74
9/10/2020 23:00,2.71
9/11/2020 0:00,2.64
9/11/2020 1:00,2.56
9/11/2020 2:00,2.47
9/11/2020 3:00,2.47
9/11/2020 4:00,2.31
9/11/2020 5:00,2.23
9/11/2020 6:00,2.17
9/11/2020 7:00,2.17
9/11/2020 8:00,2.17
9/11/2020 9:00,2.02
9/11/2020 10:00,1.98
9/11/2020 11:00,1.98
9/11/2020 12:00,1.91
9/11/2020 13:00,1.89
9/11/2020 14:00,1.85
9/11/2020 15:00,1.84
9/11/2020 16:00,1.81
9/11/2020 17:00,1.78
9/11/2020 18:00,1.76
9/11/2020 19:00,1.75
9/11/2020 20:00,1.74
9/11/2020 21:00,1.74
9/11/2020 22:00,1.73
9/11/2020 23:00,1.72
9/12/2020 0:00,1.7
9/12/2020 1:00,1.68
9/12/2020 2:00,1.67
9/12/2020 3:00,1.66
9/12/2020 4:00,1.68
9/12/2020 5:00,1.72
9/12/2020 6:00,1.72
9/12/2020 7:00,1.76
9/12/2020 8:00,1.76
9/12/2020 9:00,1.75
9/12/2020 10:00,1.73
9/12/2020 11:00,1.71
9/12/2020 12:00,1.71
9/12/2020 13:00,1.66
9/12/2020 14:00,1.66
9/12/2020 15:00,1.61
9/12/2020 16:00,1.59
9/12/2020 17:00,1.57
9/12/2020 18:00,1.57
9/12/2020 19:00,1.54
9/12/2020 20:00,1.51
9/12/2020 21:00,1.51
9/12/2020 22:00,1.51
9/12/2020 23:00,1.51
9/13/2020 0:00,1.52
9/13/2020 1:00,1.53
9/13/2020 2:00,1.56
9/13/2020 3:00,1.59
9/13/2020 4:00,1.63
9/13/2020 5:00,1.65
9/13/2020 6:00,1.68
9/13/2020 7:00,1.7
9/13/2020 8:00,1.72
9/13/2020 9:00,1.74
9/13/2020 10:00,1.76
9/13/2020 11:00,1.78
9/13/2020 12:00,1.8
9/13/2020 13:00,1.82
9/13/2020 14:00,1.85
9/13/2020 15:00,1.88
9/13/2020 16:00,1.93
9/13/2020 17:00,1.94
9/13/2020 18:00,1.94
9/13/2020 19:00,1.93
9/13/2020 20:00,1.93
9/13/2020 21:00,1.93
9/13/2020 22:00,1.93
9/13/2020 23:00,1.82
9/14/2020 0:00,1.79
9/14/2020 1:00,1.79
9/14/2020 2:00,1.79
9/14/2020 3:00,1.79
9/14/2020 4:00,1.67
9/14/2020 5:00,1.66
9/14/2020 6:00,1.66
9/14/2020 7:00,1.66
9/14/2020 8:00,1.7
9/14/2020 9:00,1.7
9/14/2020 10:00,1.75
9/14/2020 11:00,1.79
9/14/2020 12:00,1.84
9/14/2020 13:00,1.84
9/14/2020 14:00,1.96
9/14/2020 15:00,1.96
9/14/2020 16:00,2.09
9/14/2020 17:00,2.16
9/14/2020 18:00,2.16
9/14/2020 19:00,2.31
9/14/2020 20:00,2.34
9/14/2020 21:00,2.35
9/14/2020 22:00,2.34
9/14/2020 23:00,2.32
9/15/2020 0:00,2.3
9/15/2020 1:00,2.28
9/15/2020 2:00,2.26
9/15/2020 3:00,2.23
9/15/2020 4:00,2.2
9/15/2020 5:00,2.16
9/15/2020 6:00,2.12
9/15/2020 7:00,2.07
9/15/2020 8:00,2.03
9/15/2020 9:00,1.98
9/15/2020 10:00,1.98
9/15/2020 11:00,1.98
9/15/2020 12:00,1.86
9/15/2020 13:00,1.86
9/15/2020 14:00,1.82
9/15/2020 15:00,1.83
9/15/2020 16:00,1.94
9/15/2020 17:00,2.11
9/15/2020 18:00,2.24
9/15/2020 19:00,2.24
9/15/2020 20:00,2.35
9/15/2020 21:00,2.38
9/15/2020 22:00,2.39
9/15/2020 23:00,2.39
9/16/2020 0:00,2.37
9/16/2020 1:00,2.33
9/16/2020 2:00,2.28
9/16/2020 3:00,2.28
9/16/2020 4:00,2.28
9/16/2020 5:00,2.12
9/16/2020 6:00,2.06
9/16/2020 7:00,2.01
9/16/2020 8:00,2.01
9/16/2020 9:00,1.94
9/16/2020 10:00,1.91
9/16/2020 11:00,1.88
9/16/2020 12:00,1.88
9/16/2020 13:00,1.84
9/16/2020 14:00,1.84
9/16/2020 15:00,1.84
9/16/2020 16:00,1.84
9/16/2020 17:00,1.84
9/16/2020 18:00,1.81
9/16/2020 19:00,1.81
9/16/2020 20:00,1.8
9/16/2020 21:00,1.79
9/16/2020 22:00,1.79
9/16/2020 23:00,1.76
9/17/2020 0:00,1.74
9/17/2020 1:00,1.72
9/17/2020 2:00,1.71
9/17/2020 3:00,1.69
9/17/2020 4:00,1.67
9/17/2020 5:00,1.66
9/17/2020 6:00,1.66
9/17/2020 7:00,1.65
9/17/2020 8:00,1.65
9/17/2020 9:00,1.65
9/17/2020 10:00,1.68
9/17/2020 11:00,1.7
9/17/2020 12:00,1.73
9/17/2020 13:00,1.76
9/17/2020 14:00,1.79
9/17/2020 15:00,1.81
9/17/2020 16:00,1.81
9/17/2020 17:00,1.81
9/17/2020 18:00,1.81
9/17/2020 19:00,1.8
9/17/2020 20:00,1.8
9/17/2020 21:00,1.8
9/17/2020 22:00,1.8
9/17/2020 23:00,1.8
9/18/2020 0:00,1.8
9/18/2020 1:00,1.8
9/18/2020 2:00,1.79
9/18/2020 3:00,1.79
9/18/2020 4:00,1.8
9/18/2020 5:00,1.82
9/18/2020 6:00,1.86
9/18/2020 7:00,1.86
9/18/2020 8:00,1.99
9/18/2020 9:00,2.08
9/18/2020 10:00,2.19
9/18/2020 11:00,2.32
9/18/2020 12:00,2.56
9/18/2020 13:00,2.86
9/18/2020 14:00,3.21
9/18/2020 15:00,3.72
9/18/2020 16:00,4.42
9/18/2020 17:00,4.98
9/18/2020 18:00,5.58
9/18/2020 19:00,6.08
9/18/2020 20:00,6.31
9/18/2020 21:00,6.35
9/18/2020 22:00,6.3
9/18/2020 23:00,6.24
9/19/2020 0:00,6.31
9/19/2020 1:00,6.31
9/19/2020 2:00,6.51
9/19/2020 3:00,6.49
9/19/2020 4:00,6.42
9/19/2020 5:00,6.3
9/19/2020 6:00,6.17
9/19/2020 7:00,6.03
9/19/2020 8:00,5.89
9/19/2020 9:00,5.75
9/19/2020 10:00,5.63
9/19/2020 11:00,5.5
9/19/2020 12:00,5.37
9/19/2020 13:00,5.28
9/19/2020 14:00,5.17
9/19/2020 15:00,5.06
9/19/2020 16:00,4.95
9/19/2020 17:00,4.86
9/19/2020 18:00,4.79
9/19/2020 19:00,4.72
9/19/2020 20:00,4.67
9/19/2020 21:00,4.64
9/19/2020 22:00,4.64
9/19/2020 23:00,4.64
9/20/2020 0:00,4.64
9/20/2020 1:00,4.58
9/20/2020 2:00,4.54
9/20/2020 3:00,4.54
9/20/2020 4:00,4.46
9/20/2020 5:00,4.46
9/20/2020 6:00,4.46
9/20/2020 7:00,4.46
9/20/2020 8:00,4.46
9/20/2020 9:00,4.2
9/20/2020 10:00,4.18
9/20/2020 11:00,4.16
9/20/2020 12:00,4.15
9/20/2020 13:00,4.14
9/20/2020 14:00,4.14
9/20/2020 15:00,4.15
9/20/2020 16:00,4.15
9/20/2020 17:00,4.15
9/20/2020 18:00,4.08
9/20/2020 19:00,4.05
9/20/2020 20:00,4.03
9/20/2020 21:00,4.02
9/20/2020 22:00,4.02
9/20/2020 23:00,4.01
9/21/2020 0:00,4.01
9/21/2020 1:00,3.99
9/21/2020 2:00,3.99
9/21/2020 3:00,3.99
9/21/2020 4:00,3.99
9/21/2020 5:00,4.02
9/21/2020 6:00,4.08
9/21/2020 7:00,4.15
9/21/2020 8:00,4.15
9/21/2020 9:00,4.36
9/21/2020 10:00,4.36
9/21/2020 11:00,4.36
9/21/2020 12:00,4.65
9/21/2020 13:00,4.68
9/21/2020 14:00,4.68
9/21/2020 15:00,4.73
9/21/2020 16:00,4.77
9/21/2020 17:00,4.8
9/21/2020 18:00,4.87
9/21/2020 19:00,4.87
9/21/2020 20:00,4.85
9/21/2020 21:00,4.85
9/21/2020 22:00,4.77
9/21/2020 23:00,4.77
9/22/2020 0:00,4.7
9/22/2020 1:00,4.66
9/22/2020 2:00,4.6
9/22/2020 3:00,4.6
9/22/2020 4:00,4.6
9/22/2020 5:00,4.45
9/22/2020 6:00,4.42
9/22/2020 7:00,4.38
9/22/2020 8:00,4.31
9/22/2020 9:00,4.25
9/22/2020 10:00,4.25
9/22/2020 11:00,4.11
9/22/2020 12:00,4.05
9/22/2020 13:00,3.99
9/22/2020 14:00,3.93
9/22/2020 15:00,3.87
9/22/2020 16:00,3.8
9/22/2020 17:00,3.73
9/22/2020 18:00,3.66
9/22/2020 19:00,3.59
9/22/2020 20:00,3.51
9/22/2020 21:00,3.51
9/22/2020 22:00,3.37
9/22/2020 23:00,3.3
9/23/2020 0:00,3.26
9/23/2020 1:00,3.2
9/23/2020 2:00,3.15
9/23/2020 3:00,3.09
9/23/2020 4:00,3.04
9/23/2020 5:00,3
9/23/2020 6:00,3
9/23/2020 7:00,3
9/23/2020 8:00,2.89
9/23/2020 9:00,2.84
9/23/2020 10:00,2.84
9/23/2020 11:00,2.72
9/23/2020 12:00,2.66
9/23/2020 13:00,2.66
9/23/2020 14:00,2.56
9/23/2020 15:00,2.56
9/23/2020 16:00,2.56
9/23/2020 17:00,2.41
9/23/2020 18:00,2.41
9/23/2020 19:00,2.41
9/23/2020 20:00,2.41
9/23/2020 21:00,2.41
9/23/2020 22:00,2.41
9/23/2020 23:00,2.17
9/24/2020 0:00,2.14
9/24/2020 1:00,2.11
9/24/2020 2:00,2.08
9/24/2020 3:00,2.05
9/24/2020 4:00,2.02
9/24/2020 5:00,2
9/24/2020 6:00,1.97
9/24/2020 7:00,1.95
9/24/2020 8:00,1.92
9/24/2020 9:00,1.9
9/24/2020 10:00,1.88
9/24/2020 11:00,1.86
9/24/2020 12:00,1.85
9/24/2020 13:00,1.85
9/24/2020 14:00,1.84
9/24/2020 15:00,1.82
9/24/2020 16:00,1.82
9/24/2020 17:00,1.8
9/24/2020 18:00,1.8
9/24/2020 19:00,1.8
9/24/2020 20:00,1.81
9/24/2020 21:00,1.8
9/24/2020 22:00,1.79
9/24/2020 23:00,1.78
9/25/2020 0:00,1.76
9/25/2020 1:00,1.76
9/25/2020 2:00,1.72
9/25/2020 3:00,1.7
9/25/2020 4:00,1.68
9/25/2020 5:00,1.68
9/25/2020 6:00,1.66
9/25/2020 7:00,1.65
9/25/2020 8:00,1.65
9/25/2020 9:00,1.65
9/25/2020 10:00,1.64
9/25/2020 11:00,1.63
9/25/2020 12:00,1.63
9/25/2020 13:00,1.63
9/25/2020 14:00,1.62
9/25/2020 15:00,1.61
9/25/2020 16:00,1.61
9/25/2020 17:00,1.59
9/25/2020 18:00,1.59
9/25/2020 19:00,1.59
9/25/2020 20:00,1.53
9/25/2020 21:00,1.52
9/25/2020 22:00,1.5
9/25/2020 23:00,1.48
9/26/2020 0:00,1.46
9/26/2020 1:00,1.45
9/26/2020 2:00,1.44
9/26/2020 3:00,1.44
9/26/2020 4:00,1.42
9/26/2020 5:00,1.41
9/26/2020 6:00,1.41
9/26/2020 7:00,1.39
9/26/2020 8:00,1.38
9/26/2020 9:00,1.38
9/26/2020 10:00,1.35
9/26/2020 11:00,1.35
9/26/2020 12:00,1.36
9/26/2020 13:00,1.36
9/26/2020 14:00,1.36
9/26/2020 15:00,1.36
9/26/2020 16:00,1.35
9/26/2020 17:00,1.35
9/26/2020 18:00,1.41
9/26/2020 19:00,1.41
9/26/2020 20:00,1.41
9/26/2020 21:00,1.4
9/26/2020 22:00,1.38
9/26/2020 23:00,1.37
9/27/2020 0:00,1.35
9/27/2020 1:00,1.35
9/27/2020 2:00,1.32
9/27/2020 3:00,1.31
9/27/2020 4:00,1.3
9/27/2020 5:00,1.29
9/27/2020 6:00,1.28
9/27/2020 7:00,1.27
9/27/2020 8:00,1.26
9/27/2020 9:00,1.26
9/27/2020 10:00,1.26
9/27/2020 11:00,1.2
9/27/2020 12:00,1.2
9/27/2020 13:00,1.2
9/27/2020 14:00,1.2
9/27/2020 15:00,1.19
9/27/2020 16:00,1.18
9/27/2020 17:00,1.18
9/27/2020 18:00,1.17
9/27/2020 19:00,1.17
9/27/2020 20:00,1.17
9/27/2020 21:00,1.17
9/27/2020 22:00,1.17
9/27/2020 23:00,1.17
9/28/2020 0:00,1.12
9/28/2020 1:00,1.12
9/28/2020 2:00,1.11
9/28/2020 3:00,1.1
9/28/2020 4:00,1.1
9/28/2020 5:00,1.11
9/28/2020 6:00,1.12
9/28/2020 7:00,1.12
9/28/2020 8:00,1.11
9/28/2020 9:00,1.11
9/28/2020 10:00,1.08
9/28/2020 11:00,1.07
9/28/2020 12:00,1.07
9/28/2020 13:00,1.09
9/28/2020 14:00,1.12
9/28/2020 15:00,1.17
9/28/2020 16:00,1.22
9/28/2020 17:00,1.22
9/28/2020 18:00,1.33
9/28/2020 19:00,1.41
9/28/2020 20:00,1.41
9/28/2020 21:00,1.41
9/28/2020 22:00,1.41
9/28/2020 23:00,1.41
9/29/2020 0:00,1.7
9/29/2020 1:00,1.7
9/29/2020 2:00,1.69
9/29/2020 3:00,1.66
9/29/2020 4:00,1.64
9/29/2020 5:00,1.64
9/29/2020 6:00,1.61
9/29/2020 7:00,1.6
9/29/2020 8:00,1.64
9/29/2020 9:00,1.68
9/29/2020 10:00,1.68
9/29/2020 11:00,1.68
9/29/2020 12:00,2.22
9/29/2020 13:00,2.22
9/29/2020 14:00,2.53
9/29/2020 15:00,2.59
9/29/2020 16:00,2.63
9/29/2020 17:00,2.64
9/29/2020 18:00,2.63
9/29/2020 19:00,2.62
9/29/2020 20:00,2.6
9/29/2020 21:00,2.6
9/29/2020 22:00,2.59
9/29/2020 23:00,2.59
9/30/2020 0:00,2.59
9/30/2020 1:00,2.55
9/30/2020 2:00,2.5
9/30/2020 3:00,2.44
9/30/2020 4:00,2.39
9/30/2020 5:00,2.34
9/30/2020 6:00,2.3
9/30/2020 7:00,2.26
9/30/2020 8:00,2.26
9/30/2020 9:00,2.16
9/30/2020 10:00,2.12
9/30/2020 11:00,2.08
9/30/2020 12:00,2.04
9/30/2020 13:00,2.01
9/30/2020 14:00,1.99
9/30/2020 15:00,1.99
9/30/2020 16:00,1.98
9/30/2020 17:00,1.99
9/30/2020 18:00,1.99
9/30/2020 19:00,2.1
9/30/2020 20:00,2.3
9/30/2020 21:00,2.63
9/30/2020 22:00,2.9
9/30/2020 23:00,3.05
10/1/2020 0:00,3.12
10/1/2020 1:00,3.13
10/1/2020 2:00,3.13
10/1/2020 3:00,3.12
10/1/2020 4:00,3.12
10/1/2020 5:00,3.06
10/1/2020 6:00,3.06
10/1/2020 7:00,3.04
10/1/2020 8:00,3.04
10/1/2020 9:00,3.04
10/1/2020 10:00,2.53
10/1/2020 11:00,2.45
10/1/2020 12:00,2.38
10/1/2020 13:00,2.29
10/1/2020 14:00,2.23
10/1/2020 15:00,2.17
10/1/2020 16:00,2.17
10/1/2020 17:00,2.06
10/1/2020 18:00,2.06
10/1/2020 19:00,2.06
10/1/2020 20:00,1.91
10/1/2020 21:00,1.86
10/1/2020 22:00,1.82
10/1/2020 23:00,1.78
10/2/2020 0:00,1.78
10/2/2020 1:00,1.71
10/2/2020 2:00,1.68
10/2/2020 3:00,1.65
10/2/2020 4:00,1.62
10/2/2020 5:00,1.6
10/2/2020 6:00,1.58
10/2/2020 7:00,1.55
10/2/2020 8:00,1.53
10/2/2020 9:00,1.51
10/2/2020 10:00,1.49
10/2/2020 11:00,1.48
10/2/2020 12:00,1.48
10/2/2020 13:00,1.43
10/2/2020 14:00,1.43
10/2/2020 15:00,1.43
10/2/2020 16:00,1.4
10/2/2020 17:00,1.39
10/2/2020 18:00,1.37
10/2/2020 19:00,1.37
10/2/2020 20:00,1.33
10/2/2020 21:00,1.32
10/2/2020 22:00,1.32
10/2/2020 23:00,1.31
10/3/2020 0:00,1.31
10/3/2020 1:00,1.3
10/3/2020 2:00,1.3
10/3/2020 3:00,1.3
10/3/2020 4:00,1.3
10/3/2020 5:00,1.31
10/3/2020 6:00,1.31
10/3/2020 7:00,1.32
10/3/2020 8:00,1.32
10/3/2020 9:00,1.32
10/3/2020 10:00,1.34
10/3/2020 11:00,1.34
10/3/2020 12:00,1.38
10/3/2020 13:00,1.39
10/3/2020 14:00,1.39
10/3/2020 15:00,1.41
10/3/2020 16:00,1.42
10/3/2020 17:00,1.43
10/3/2020 18:00,1.44
10/3/2020 19:00,1.44
10/3/2020 20:00,1.44
10/3/2020 21:00,1.47
10/3/2020 22:00,1.49
10/3/2020 23:00,1.49
10/4/2020 0:00,1.49
10/4/2020 1:00,1.48
10/4/2020 2:00,1.45
10/4/2020 3:00,1.43
10/4/2020 4:00,1.43
10/4/2020 5:00,1.43
10/4/2020 6:00,1.43
10/4/2020 7:00,1.34
10/4/2020 8:00,1.32
10/4/2020 9:00,1.3
10/4/2020 10:00,1.29
10/4/2020 11:00,1.27
10/4/2020 12:00,1.26
10/4/2020 13:00,1.25
10/4/2020 14:00,1.23
10/4/2020 15:00,1.23
10/4/2020 16:00,1.22
10/4/2020 17:00,1.21
10/4/2020 18:00,1.21
10/4/2020 19:00,1.2
10/4/2020 20:00,1.19
10/4/2020 21:00,1.18
10/4/2020 22:00,1.17
10/4/2020 23:00,1.15
10/5/2020 0:00,1.14
10/5/2020 1:00,1.14
10/5/2020 2:00,1.13
10/5/2020 3:00,1.13
10/5/2020 4:00,1.12
10/5/2020 5:00,1.12
10/5/2020 6:00,1.1
10/5/2020 7:00,1.09
10/5/2020 8:00,1.09
10/5/2020 9:00,1.08
10/5/2020 10:00,1.08
10/5/2020 11:00,1.06
10/5/2020 12:00,1.06
10/5/2020 13:00,1.06
10/5/2020 14:00,1.06
10/5/2020 15:00,1.04
10/5/2020 16:00,1.03
10/5/2020 17:00,1.03
10/5/2020 18:00,1.03
10/5/2020 19:00,1.01
10/5/2020 20:00,1.01
10/5/2020 21:00,1.01
10/5/2020 22:00,0.98
10/5/2020 23:00,0.97
10/6/2020 0:00,0.97
10/6/2020 1:00,0.97
10/6/2020 2:00,0.96
10/6/2020 3:00,0.96
10/6/2020 4:00,0.96
10/6/2020 5:00,0.95
10/6/2020 6:00,0.94
10/6/2020 7:00,0.94
10/6/2020 8:00,0.94
10/6/2020 9:00,0.93
10/6/2020 10:00,0.92
10/6/2020 11:00,0.92
10/6/2020 12:00,0.92
10/6/2020 13:00,0.92
10/6/2020 14:00,0.92
10/6/2020 15:00,0.9
10/6/2020 16:00,0.9
10/6/2020 17:00,0.91
10/6/2020 18:00,0.91
10/6/2020 19:00,0.9
10/6/2020 20:00,0.9
10/6/2020 21:00,0.9
10/6/2020 22:00,0.91
10/6/2020 23:00,0.96
10/7/2020 0:00,1.34
10/7/2020 1:00,1.86
10/7/2020 2:00,2.1
10/7/2020 3:00,2.1
10/7/2020 4:00,2.08
10/7/2020 5:00,2.08
10/7/2020 6:00,2.08
10/7/2020 7:00,1.67
10/7/2020 8:00,1.54
10/7/2020 9:00,1.54
10/7/2020 10:00,1.33
10/7/2020 11:00,1.26
10/7/2020 12:00,1.21
10/7/2020 13:00,1.16
10/7/2020 14:00,1.12
10/7/2020 15:00,1.09
10/7/2020 16:00,1.06
10/7/2020 17:00,1.04
10/7/2020 18:00,1.04
10/7/2020 19:00,1.01
10/7/2020 20:00,1
10/7/2020 21:00,0.99
10/7/2020 22:00,0.97
10/7/2020 23:00,0.97
10/8/2020 0:00,0.97
10/8/2020 1:00,0.94
10/8/2020 2:00,0.93
10/8/2020 3:00,0.93
10/8/2020 4:00,0.91
10/8/2020 5:00,0.9
10/8/2020 6:00,0.9
10/8/2020 7:00,0.91
10/8/2020 8:00,0.91
10/8/2020 9:00,0.9
10/8/2020 10:00,0.89
10/8/2020 11:00,0.88
10/8/2020 12:00,0.86
10/8/2020 13:00,0.86
10/8/2020 14:00,0.86
10/8/2020 15:00,0.82
10/8/2020 16:00,0.82
10/8/2020 17:00,0.82
10/8/2020 18:00,0.81
10/8/2020 19:00,0.82
10/8/2020 20:00,0.82
10/8/2020 21:00,0.82
10/8/2020 22:00,0.83
10/8/2020 23:00,0.85
10/9/2020 0:00,0.85
10/9/2020 1:00,0.9
10/9/2020 2:00,0.89
10/9/2020 3:00,0.87
10/9/2020 4:00,0.85
10/9/2020 5:00,0.83
10/9/2020 6:00,0.81
10/9/2020 7:00,0.81
10/9/2020 8:00,0.83
10/9/2020 9:00,0.84
10/9/2020 10:00,0.84
10/9/2020 11:00,0.85
10/9/2020 12:00,0.85
10/9/2020 13:00,0.82
10/9/2020 14:00,0.85
10/9/2020 15:00,0.86
10/9/2020 16:00,0.9
10/9/2020 17:00,0.96
10/9/2020 18:00,1.02
10/9/2020 19:00,1.08
10/9/2020 20:00,1.08
10/9/2020 21:00,1.16
10/9/2020 22:00,1.17
10/9/2020 23:00,1.17
10/10/2020 0:00,1.13
10/10/2020 1:00,1.1
10/10/2020 2:00,1.06
10/10/2020 3:00,1.03
10/10/2020 4:00,0.99
10/10/2020 5:00,0.95
10/10/2020 6:00,0.95
10/10/2020 7:00,0.91
10/10/2020 8:00,0.91
10/10/2020 9:00,0.91
10/10/2020 10:00,0.91
10/10/2020 11:00,0.91
10/10/2020 12:00,0.91
10/10/2020 13:00,0.91
10/10/2020 14:00,0.93
10/10/2020 15:00,0.92
10/10/2020 16:00,0.94
10/10/2020 17:00,0.96
10/10/2020 18:00,0.97
10/10/2020 19:00,0.97
10/10/2020 20:00,0.97
10/10/2020 21:00,0.98
10/10/2020 22:00,0.99
10/10/2020 23:00,0.99
10/11/2020 0:00,0.99
10/11/2020 1:00,0.98
10/11/2020 2:00,1
10/11/2020 3:00,1.01
10/11/2020 4:00,1.03
10/11/2020 5:00,1.05
10/11/2020 6:00,1.05
10/11/2020 7:00,1.05
10/11/2020 8:00,1.05
10/11/2020 9:00,1.05
10/11/2020 10:00,1.05
10/11/2020 11:00,1.93
10/11/2020 12:00,2.32
10/11/2020 13:00,2.59
10/11/2020 14:00,2.73
10/11/2020 15:00,2.84
10/11/2020 16:00,2.89
10/11/2020 17:00,2.89
10/11/2020 18:00,2.97
10/11/2020 19:00,2.97
10/11/2020 20:00,3.05
10/11/2020 21:00,3.04
10/11/2020 22:00,3
10/11/2020 23:00,2.95
10/12/2020 0:00,2.89
10/12/2020 1:00,2.83
10/12/2020 2:00,2.75
10/12/2020 3:00,2.67
10/12/2020 4:00,2.58
10/12/2020 5:00,2.58
10/12/2020 6:00,2.41
10/12/2020 7:00,2.33
10/12/2020 8:00,2.26
10/12/2020 9:00,2.19
10/12/2020 10:00,2.12
10/12/2020 11:00,2.09
10/12/2020 12:00,2.05
10/12/2020 13:00,2.01
10/12/2020 14:00,1.99
10/12/2020 15:00,1.97
10/12/2020 16:00,1.95
10/12/2020 17:00,1.94
10/12/2020 18:00,1.96
10/12/2020 19:00,2
10/12/2020 20:00,2.07
10/12/2020 21:00,2.13
10/12/2020 22:00,2.13
10/12/2020 23:00,2.17
10/13/2020 0:00,2.16
10/13/2020 1:00,2.13
10/13/2020 2:00,2.13
10/13/2020 3:00,2.08
10/13/2020 4:00,2.06
10/13/2020 5:00,2.06
10/13/2020 6:00,2
10/13/2020 7:00,1.98
10/13/2020 8:00,1.97
10/13/2020 9:00,1.97
10/13/2020 10:00,1.98
10/13/2020 11:00,1.98
10/13/2020 12:00,1.98
10/13/2020 13:00,1.98
10/13/2020 14:00,2
10/13/2020 15:00,2.02
10/13/2020 16:00,2.04
10/13/2020 17:00,2.05
10/13/2020 18:00,2.05
10/13/2020 19:00,2.04
10/13/2020 20:00,2.04
10/13/2020 21:00,2.04
10/13/2020 22:00,2.01
10/13/2020 23:00,2
10/14/2020 0:00,1.99
10/14/2020 1:00,1.99
10/14/2020 2:00,1.99
10/14/2020 3:00,2.08
10/14/2020 4:00,2.19
10/14/2020 5:00,2.32
10/14/2020 6:00,2.43
10/14/2020 7:00,2.52
10/14/2020 8:00,2.56
10/14/2020 9:00,2.61
10/14/2020 10:00,2.66
10/14/2020 11:00,2.71
10/14/2020 12:00,2.86
10/14/2020 13:00,3.07
10/14/2020 14:00,3.24
10/14/2020 15:00,3.24
10/14/2020 16:00,3.38
10/14/2020 17:00,3.38
10/14/2020 18:00,3.36
10/14/2020 19:00,3.36
10/14/2020 20:00,3.36
10/14/2020 21:00,3.47
10/14/2020 22:00,3.47
10/14/2020 23:00,3.53
10/15/2020 0:00,3.53
10/15/2020 1:00,3.59
10/15/2020 2:00,3.59
10/15/2020 3:00,3.63
10/15/2020 4:00,3.63
10/15/2020 5:00,3.54
10/15/2020 6:00,3.49
10/15/2020 7:00,3.43
10/15/2020 8:00,3.43
10/15/2020 9:00,3.43
10/15/2020 10:00,3.34
10/15/2020 11:00,3.34
10/15/2020 12:00,3.3
10/15/2020 13:00,3.3
10/15/2020 14:00,3.3
10/15/2020 15:00,3.3
10/15/2020 16:00,3.15
10/15/2020 17:00,3.14
10/15/2020 18:00,3.17
10/15/2020 19:00,3.25
10/15/2020 20:00,3.25
10/15/2020 21:00,3.35
10/15/2020 22:00,3.35
10/15/2020 23:00,3.32
10/16/2020 0:00,3.24
10/16/2020 1:00,3.15
10/16/2020 2:00,3.07
10/16/2020 3:00,2.99
10/16/2020 4:00,2.92
10/16/2020 5:00,2.86
10/16/2020 6:00,2.81
10/16/2020 7:00,2.77
10/16/2020 8:00,2.73
10/16/2020 9:00,2.69
10/16/2020 10:00,2.65
10/16/2020 11:00,2.61
10/16/2020 12:00,2.58
10/16/2020 13:00,2.51
10/16/2020 14:00,2.48
10/16/2020 15:00,2.42
10/16/2020 16:00,2.39
10/16/2020 17:00,2.39
10/16/2020 18:00,2.39
10/16/2020 19:00,2.24
10/16/2020 20:00,2.24
10/16/2020 21:00,2.14
10/16/2020 22:00,2.1
10/16/2020 23:00,2.1
10/17/2020 0:00,2.01
10/17/2020 1:00,1.97
10/17/2020 2:00,1.97
10/17/2020 3:00,1.97
10/17/2020 4:00,1.87
10/17/2020 5:00,1.83
10/17/2020 6:00,1.81
10/17/2020 7:00,1.78
10/17/2020 8:00,1.76
10/17/2020 9:00,1.73
10/17/2020 10:00,1.7
10/17/2020 11:00,1.68
10/17/2020 12:00,1.68
10/17/2020 13:00,1.64
10/17/2020 14:00,1.62
10/17/2020 15:00,1.6
10/17/2020 16:00,1.58
10/17/2020 17:00,1.56
10/17/2020 18:00,1.53
10/17/2020 19:00,1.51
10/17/2020 20:00,1.49
10/17/2020 21:00,1.47
10/17/2020 22:00,1.45
10/17/2020 23:00,1.44
10/18/2020 0:00,1.42
10/18/2020 1:00,1.41
10/18/2020 2:00,1.4
10/18/2020 3:00,1.39
10/18/2020 4:00,1.38
10/18/2020 5:00,1.37
10/18/2020 6:00,1.37
10/18/2020 7:00,1.36
10/18/2020 8:00,1.35
10/18/2020 9:00,1.34
10/18/2020 10:00,1.32
10/18/2020 11:00,1.32
10/18/2020 12:00,1.3
10/18/2020 13:00,1.26
10/18/2020 14:00,1.26
10/18/2020 15:00,1.26
10/18/2020 16:00,1.23
10/18/2020 17:00,1.23
10/18/2020 18:00,1.23
10/18/2020 19:00,1.23
10/18/2020 20:00,1.23
10/18/2020 21:00,1.23
10/18/2020 22:00,1.24
10/18/2020 23:00,1.24
10/19/2020 0:00,1.24
10/19/2020 1:00,1.2
10/19/2020 2:00,1.2
10/19/2020 3:00,1.2
10/19/2020 4:00,1.16
10/19/2020 5:00,1.15
10/19/2020 6:00,1.15
10/19/2020 7:00,1.14
10/19/2020 8:00,1.14
10/19/2020 9:00,1.12
10/19/2020 10:00,1.12
10/19/2020 11:00,1.12
10/19/2020 12:00,1.11
10/19/2020 13:00,1.11
10/19/2020 14:00,1.1
10/19/2020 15:00,1.1
10/19/2020 16:00,1.08
10/19/2020 17:00,1.08
10/19/2020 18:00,1.08
10/19/2020 19:00,1.07
10/19/2020 20:00,1.07
10/19/2020 21:00,1.05
10/19/2020 22:00,1.05
10/19/2020 23:00,1.04
10/20/2020 0:00,1.03
10/20/2020 1:00,1.03
10/20/2020 2:00,1.02
10/20/2020 3:00,1.02
10/20/2020 4:00,1.01
10/20/2020 5:00,1.01
10/20/2020 6:00,1.01
10/20/2020 7:00,1.01
10/20/2020 8:00,1.01
10/20/2020 9:00,1.01
10/20/2020 10:00,1.01
10/20/2020 11:00,1.01
10/20/2020 12:00,0.98
10/20/2020 13:00,0.98
10/20/2020 14:00,0.96
10/20/2020 15:00,0.95
10/20/2020 16:00,0.97
10/20/2020 17:00,0.96
10/20/2020 18:00,0.95
10/20/2020 19:00,0.94
10/20/2020 20:00,0.93
10/20/2020 21:00,0.94
10/20/2020 22:00,0.94
10/20/2020 23:00,0.94
10/21/2020 0:00,0.93
10/21/2020 1:00,0.92
10/21/2020 2:00,0.91
10/21/2020 3:00,0.91
10/21/2020 4:00,0.91
10/21/2020 5:00,0.91
10/21/2020 6:00,0.91
10/21/2020 7:00,0.91
10/21/2020 8:00,0.92
10/21/2020 9:00,0.92
10/21/2020 10:00,0.92
10/21/2020 11:00,0.93
10/21/2020 12:00,0.93
10/21/2020 13:00,0.91
10/21/2020 14:00,0.9
10/21/2020 15:00,0.91
10/21/2020 16:00,0.94
10/21/2020 17:00,0.97
10/21/2020 18:00,1.02
10/21/2020 19:00,1.02
10/21/2020 20:00,1.01
10/21/2020 21:00,1
10/21/2020 22:00,1.01
10/21/2020 23:00,1.03
10/22/2020 0:00,1.03
10/22/2020 1:00,1.02
10/22/2020 2:00,1.02
10/22/2020 3:00,1
10/22/2020 4:00,0.99
10/22/2020 5:00,1.01
10/22/2020 6:00,1.02
10/22/2020 7:00,1.02
10/22/2020 8:00,1.08
10/22/2020 9:00,1.08
10/22/2020 10:00,1.13
10/22/2020 11:00,1.13
10/22/2020 12:00,1.15
10/22/2020 13:00,1.14
10/22/2020 14:00,1.13
10/22/2020 15:00,1.12
10/22/2020 16:00,1.11
10/22/2020 17:00,1.1
10/22/2020 18:00,1.09
10/22/2020 19:00,1.09
10/22/2020 20:00,1.11
10/22/2020 21:00,1.11
10/22/2020 22:00,1.16
10/22/2020 23:00,1.16
10/23/2020 0:00,1.17
10/23/2020 1:00,1.15
10/23/2020 2:00,1.14
10/23/2020 3:00,1.11
10/23/2020 4:00,1.09
10/23/2020 5:00,1.06
10/23/2020 6:00,1.04
10/23/2020 7:00,1.02
10/23/2020 8:00,1
10/23/2020 9:00,0.98
10/23/2020 10:00,0.96
10/23/2020 11:00,0.95
10/23/2020 12:00,0.95
10/23/2020 13:00,0.92
10/23/2020 14:00,0.91
10/23/2020 15:00,0.91
10/23/2020 16:00,0.9
10/23/2020 17:00,0.89
10/23/2020 18:00,0.9
10/23/2020 19:00,0.89
10/23/2020 20:00,0.88
10/23/2020 21:00,0.87
10/23/2020 22:00,0.86
10/23/2020 23:00,0.85
10/24/2020 0:00,0.85
10/24/2020 1:00,0.83
10/24/2020 2:00,0.82
10/24/2020 3:00,0.82
10/24/2020 4:00,0.82
10/24/2020 5:00,0.82
10/24/2020 6:00,0.82
10/24/2020 7:00,0.81
10/24/2020 8:00,0.81
10/24/2020 9:00,0.81
10/24/2020 10:00,0.81
10/24/2020 11:00,0.81
10/24/2020 12:00,0.81
10/24/2020 13:00,0.79
10/24/2020 14:00,0.79
10/24/2020 15:00,0.78
10/24/2020 16:00,0.78
10/24/2020 17:00,0.8
10/24/2020 18:00,0.82
10/24/2020 19:00,0.82
10/24/2020 20:00,0.82
10/24/2020 21:00,0.82
10/24/2020 22:00,0.82
10/24/2020 23:00,0.81
10/25/2020 0:00,0.8
10/25/2020 1:00,0.79
10/25/2020 2:00,0.78
10/25/2020 3:00,0.77
10/25/2020 4:00,0.76
10/25/2020 5:00,0.76
10/25/2020 6:00,0.77
10/25/2020 7:00,0.76
10/25/2020 8:00,0.76
10/25/2020 9:00,0.75
10/25/2020 10:00,0.73
10/25/2020 11:00,0.73
10/25/2020 12:00,0.72
10/25/2020 13:00,0.73
10/25/2020 14:00,0.75
10/25/2020 15:00,0.77
10/25/2020 16:00,0.79
10/25/2020 17:00,0.79
10/25/2020 18:00,0.79
10/25/2020 19:00,0.79
10/25/2020 20:00,0.78
10/25/2020 21:00,0.78
10/25/2020 22:00,0.77
10/25/2020 23:00,0.77
10/26/2020 0:00,0.77
10/26/2020 1:00,0.77
10/26/2020 2:00,0.77
10/26/2020 3:00,0.73
10/26/2020 4:00,0.72
10/26/2020 5:00,0.72
10/26/2020 6:00,0.7
10/26/2020 7:00,0.71
10/26/2020 8:00,0.72
10/26/2020 9:00,0.74
10/26/2020 10:00,0.74
10/26/2020 11:00,0.74
10/26/2020 12:00,0.74
10/26/2020 13:00,0.72
10/26/2020 14:00,0.71
10/26/2020 15:00,0.68
10/26/2020 16:00,0.67
10/26/2020 17:00,0.67
10/26/2020 18:00,0.67
10/26/2020 19:00,0.7
10/26/2020 20:00,0.71
10/26/2020 21:00,0.72
10/26/2020 22:00,0.71
10/26/2020 23:00,0.71
10/27/2020 0:00,0.7
10/27/2020 1:00,0.7
10/27/2020 2:00,0.7
10/27/2020 3:00,0.7
10/27/2020 4:00,0.68
10/27/2020 5:00,0.67
10/27/2020 6:00,0.67
10/27/2020 7:00,0.67
10/27/2020 8:00,0.67
10/27/2020 9:00,0.67
10/27/2020 10:00,0.67
10/27/2020 11:00,0.69
10/27/2020 12:00,0.66
10/27/2020 13:00,0.64
10/27/2020 14:00,0.63
10/27/2020 15:00,0.62
10/27/2020 16:00,0.62
10/27/2020 17:00,0.63
10/27/2020 18:00,0.68
10/27/2020 19:00,0.77
10/27/2020 20:00,0.95
10/27/2020 21:00,1.26
10/27/2020 22:00,1.44
10/27/2020 23:00,1.47
10/28/2020 0:00,1.41
10/28/2020 1:00,1.32
10/28/2020 2:00,1.23
10/28/2020 3:00,1.14
10/28/2020 4:00,1.06
10/28/2020 5:00,0.99
10/28/2020 6:00,0.94
10/28/2020 7:00,0.89
10/28/2020 8:00,0.89
10/28/2020 9:00,0.89
10/28/2020 10:00,0.83
10/28/2020 11:00,0.82
10/28/2020 12:00,0.81
10/28/2020 13:00,0.81
10/28/2020 14:00,0.78
10/28/2020 15:00,0.77
10/28/2020 16:00,0.73
10/28/2020 17:00,0.73
10/28/2020 18:00,0.73
10/28/2020 19:00,0.72
10/28/2020 20:00,0.74
10/28/2020 21:00,0.74
10/28/2020 22:00,0.84
10/28/2020 23:00,0.84
10/29/2020 0:00,0.84
10/29/2020 1:00,0.84
10/29/2020 2:00,0.84
10/29/2020 3:00,0.8
10/29/2020 4:00,0.8
10/29/2020 5:00,0.75
10/29/2020 6:00,0.73
10/29/2020 7:00,0.73
10/29/2020 8:00,0.7
10/29/2020 9:00,0.69
10/29/2020 10:00,0.7
10/29/2020 11:00,0.7
10/29/2020 12:00,0.71
10/29/2020 13:00,0.71
10/29/2020 14:00,0.69
10/29/2020 15:00,0.69
10/29/2020 16:00,0.68
10/29/2020 17:00,0.67
10/29/2020 18:00,0.65
10/29/2020 19:00,0.66
10/29/2020 20:00,0.66
10/29/2020 21:00,0.68
10/29/2020 22:00,0.69
10/29/2020 23:00,0.69
10/30/2020 0:00,0.69
10/30/2020 1:00,0.66
10/30/2020 2:00,0.65
10/30/2020 3:00,0.66
10/30/2020 4:00,0.66
10/30/2020 5:00,0.66
10/30/2020 6:00,0.63
10/30/2020 7:00,0.62
10/30/2020 8:00,0.61
10/30/2020 9:00,0.62
10/30/2020 10:00,0.63
10/30/2020 11:00,0.63
10/30/2020 12:00,0.63
10/30/2020 13:00,0.65
10/30/2020 14:00,0.64
10/30/2020 15:00,0.63
10/30/2020 16:00,0.61
10/30/2020 17:00,0.6
10/30/2020 18:00,0.61
10/30/2020 19:00,0.61
10/30/2020 20:00,0.61
10/30/2020 21:00,0.63
10/30/2020 22:00,0.63
10/30/2020 23:00,0.64
10/31/2020 0:00,0.64
10/31/2020 1:00,0.63
10/31/2020 2:00,0.63
10/31/2020 3:00,0.61
10/31/2020 4:00,0.6
10/31/2020 5:00,0.59
10/31/2020 6:00,0.58
10/31/2020 7:00,0.57
10/31/2020 8:00,0.57
10/31/2020 9:00,0.54
10/31/2020 10:00,0.54
10/31/2020 11:00,0.56
10/31/2020 12:00,0.56
10/31/2020 13:00,0.56
10/31/2020 14:00,0.58
10/31/2020 15:00,0.58
10/31/2020 16:00,0.58
10/31/2020 17:00,0.58
10/31/2020 18:00,0.57
10/31/2020 19:00,0.57
10/31/2020 20:00,0.58
10/31/2020 21:00,0.6
10/31/2020 22:00,0.61
10/31/2020 23:00,0.61
